id_str,created_at,full_text,full_text(utf-8),entities,geo,lang
1339017660319797249,2020-12-16 01:21:02,Gotta get up early get Nina some bones and I‚Äôll be back in the house sleep,b'Gotta get up early get Nina some bones and I\xe2\x80\x99ll be back in the house sleep',"{'hashtags': [], 'symbols': [], 'user_mentions': [], 'urls': []}",,en
1338860995670732803,2020-12-15 14:58:30,My coworker just gave me some huggies,b'My coworker just gave me some huggies',"{'hashtags': [], 'symbols': [], 'user_mentions': [], 'urls': []}",,en
1338855686227197952,2020-12-15 14:37:24,RT @TuckerFox5: NEW: Winter Storm Warnings have been issued well NW of DC this morning with Winter Storm Watches just west. Snow totals in‚Ä¶,b'RT @TuckerFox5: NEW: Winter Storm Warnings have been issued well NW of DC this morning with Winter Storm Watches just west. Snow totals in\xe2\x80\xa6',"{'hashtags': [], 'symbols': [], 'user_mentions': [{'screen_name': 'TuckerFox5', 'name': 'Tucker Barnes', 'id': 1698010058, 'id_str': '1698010058', 'indices': [3, 14]}], 'urls': []}",,en
1338561917724602378,2020-12-14 19:10:05,Somebody bring me food.,b'Somebody bring me food.',"{'hashtags': [], 'symbols': [], 'user_mentions': [], 'urls': []}",,en
1338470627376836608,2020-12-14 13:07:19,Driving out Annapolis just to see a specialist is annoying üò§,b'Driving out Annapolis just to see a specialist is annoying \xf0\x9f\x98\xa4',"{'hashtags': [], 'symbols': [], 'user_mentions': [], 'urls': []}",,en
1338462339553779714,2020-12-14 12:34:23,Literally in my bed curled up. I don‚Äôt want to get up,b'Literally in my bed curled up. I don\xe2\x80\x99t want to get up',"{'hashtags': [], 'symbols': [], 'user_mentions': [], 'urls': []}",,en
1338461547564322818,2020-12-14 12:31:15,Why would i ever make an appointment this early,b'Why would i ever make an appointment this early',"{'hashtags': [], 'symbols': [], 'user_mentions': [], 'urls': []}",,en
1338325749632278528,2020-12-14 03:31:38,My son better show his face tomorrow cause I‚Äôm not tryna go back in two weeks,b'My son better show his face tomorrow cause I\xe2\x80\x99m not tryna go back in two weeks',"{'hashtags': [], 'symbols': [], 'user_mentions': [], 'urls': []}",,en
1338325516156276736,2020-12-14 03:30:42,Fuck it i did my hair.,b'Fuck it i did my hair.',"{'hashtags': [], 'symbols': [], 'user_mentions': [], 'urls': []}",,en
1338309617303117824,2020-12-14 02:27:32,Should i blow dry my hair tonight or tomorrow....,b'Should i blow dry my hair tonight or tomorrow....',"{'hashtags': [], 'symbols': [], 'user_mentions': [], 'urls': []}",,en
1338259101625757698,2020-12-13 23:06:48,RT @MaureenUmehFox5: WEATHER ALERT: Models show a snow scenario this week. Stay tuned to @fox5dc for details,b'RT @MaureenUmehFox5: WEATHER ALERT: Models show a snow scenario this week. Stay tuned to @fox5dc for details',"{'hashtags': [], 'symbols': [], 'user_mentions': [{'screen_name': 'MaureenUmehFox5', 'name': 'Maureen Umeh', 'id': 608419783, 'id_str': '608419783', 'indices': [3, 19]}, {'screen_name': 'fox5dc', 'name': 'FOX 5 DC', 'id': 13918492, 'id_str': '13918492', 'indices': [89, 96]}], 'urls': []}",,en
1338258119974133770,2020-12-13 23:02:54,Everybody‚Äôs Christmas Gifts have arrived ‚ò∫Ô∏è‚ò∫Ô∏è Now i just gotta wrap them,b'Everybody\xe2\x80\x99s Christmas Gifts have arrived \xe2\x98\xba\xef\xb8\x8f\xe2\x98\xba\xef\xb8\x8f Now i just gotta wrap them',"{'hashtags': [], 'symbols': [], 'user_mentions': [], 'urls': []}",,en
1338232862961770499,2020-12-13 21:22:32,https://t.co/1pKvwmIiw5 https://t.co/DHup5xBtKb,b'https://t.co/1pKvwmIiw5 https://t.co/DHup5xBtKb',"{'hashtags': [], 'symbols': [], 'user_mentions': [], 'urls': [{'url': 'https://t.co/1pKvwmIiw5', 'expanded_url': 'https://twitter.com/0ddtoddler/status/1338203005779316736', 'display_url': 'twitter.com/0ddtoddler/sta‚Ä¶', 'indices': [0, 23]}], 'media': [{'id': 1338232859979616263, 'id_str': '1338232859979616263', 'indices': [24, 47], 'media_url': 'http://pbs.twimg.com/media/EpJbsiXXEAc2VII.png', 'media_url_https': 'https://pbs.twimg.com/media/EpJbsiXXEAc2VII.png', 'url': 'https://t.co/DHup5xBtKb', 'display_url': 'pic.twitter.com/DHup5xBtKb', 'expanded_url': 'https://twitter.com/nyabianca21/status/1338232862961770499/photo/1', 'type': 'photo', 'sizes': {'large': {'w': 421, 'h': 421, 'resize': 'fit'}, 'medium': {'w': 421, 'h': 421, 'resize': 'fit'}, 'thumb': {'w': 150, 'h': 150, 'resize': 'crop'}, 'small': {'w': 421, 'h': 421, 'resize': 'fit'}}}]}",,und
1338223217291431943,2020-12-13 20:44:12,@Yinkinpink Girl my shoot is going to be bomb!! Get ready,b'@Yinkinpink Girl my shoot is going to be bomb!! Get ready',"{'hashtags': [], 'symbols': [], 'user_mentions': [{'screen_name': 'Yinkinpink', 'name': 'Yinka', 'id': 867049281605316608, 'id_str': '867049281605316608', 'indices': [0, 11]}], 'urls': []}",,en
1338218996601073665,2020-12-13 20:27:26,@Yinkinpink That‚Äôs what i was thinking do my shoot beginning or March and shower end of March. I‚Äôm due on the 18th but i feel like he‚Äôs going to come a few days earlier,b'@Yinkinpink That\xe2\x80\x99s what i was thinking do my shoot beginning or March and shower end of March. I\xe2\x80\x99m due on the 18th but i feel like he\xe2\x80\x99s going to come a few days earlier',"{'hashtags': [], 'symbols': [], 'user_mentions': [{'screen_name': 'Yinkinpink', 'name': 'Yinka', 'id': 867049281605316608, 'id_str': '867049281605316608', 'indices': [0, 11]}], 'urls': []}",,en
1338218191877758984,2020-12-13 20:24:14,I need a haircut so bad,b'I need a haircut so bad',"{'hashtags': [], 'symbols': [], 'user_mentions': [], 'urls': []}",,en
1338217085374238721,2020-12-13 20:19:50,Trying to decide when i want to do my maternity shoot and baby shower.,b'Trying to decide when i want to do my maternity shoot and baby shower.',"{'hashtags': [], 'symbols': [], 'user_mentions': [], 'urls': []}",,en
1338161754287824898,2020-12-13 16:39:58,Do i want to do my hair today?,b'Do i want to do my hair today?',"{'hashtags': [], 'symbols': [], 'user_mentions': [], 'urls': []}",,en
1338063054555258880,2020-12-13 10:07:46,I wake up at 4:30 every morning just to pee smh ü§¶üèº‚Äç‚ôÄÔ∏è,b'I wake up at 4:30 every morning just to pee smh \xf0\x9f\xa4\xa6\xf0\x9f\x8f\xbc\xe2\x80\x8d\xe2\x99\x80\xef\xb8\x8f',"{'hashtags': [], 'symbols': [], 'user_mentions': [], 'urls': []}",,en
1337844312374173703,2020-12-12 19:38:34,Me and my hubby need a date night,b'Me and my hubby need a date night',"{'hashtags': [], 'symbols': [], 'user_mentions': [], 'urls': []}",,en
1337818706613833730,2020-12-12 17:56:49,Waiting on my 11s,b'Waiting on my 11s',"{'hashtags': [], 'symbols': [], 'user_mentions': [], 'urls': []}",,en
1337767131186941958,2020-12-12 14:31:53,Fabric store today,b'Fabric store today',"{'hashtags': [], 'symbols': [], 'user_mentions': [], 'urls': []}",,en
1337531540188835841,2020-12-11 22:55:43,I think I‚Äôve tapped into my creative mommy side. I‚Äôm really about to make my mom and son fleece blankets by hand,b'I think I\xe2\x80\x99ve tapped into my creative mommy side. I\xe2\x80\x99m really about to make my mom and son fleece blankets by hand',"{'hashtags': [], 'symbols': [], 'user_mentions': [], 'urls': []}",,en
1337530477788454913,2020-12-11 22:51:30,üòÇüòÇüòÇüòÇ https://t.co/D1L20Fmy6e,b'\xf0\x9f\x98\x82\xf0\x9f\x98\x82\xf0\x9f\x98\x82\xf0\x9f\x98\x82 https://t.co/D1L20Fmy6e',"{'hashtags': [], 'symbols': [], 'user_mentions': [], 'urls': [{'url': 'https://t.co/D1L20Fmy6e', 'expanded_url': 'https://twitter.com/mmathis13/status/1337111760520802315', 'display_url': 'twitter.com/mmathis13/stat‚Ä¶', 'indices': [5, 28]}]}",,und
1337425332048179201,2020-12-11 15:53:41,@Yinkinpink I‚Äôll probably go this weekend,b'@Yinkinpink I\xe2\x80\x99ll probably go this weekend',"{'hashtags': [], 'symbols': [], 'user_mentions': [{'screen_name': 'Yinkinpink', 'name': 'Yinka', 'id': 867049281605316608, 'id_str': '867049281605316608', 'indices': [0, 11]}], 'urls': []}",,en
1337420343158435841,2020-12-11 15:33:52,Going to Ruth Chris by myself....,b'Going to Ruth Chris by myself....',"{'hashtags': [], 'symbols': [], 'user_mentions': [], 'urls': []}",,en
1337410513114968064,2020-12-11 14:54:48,"RT @AOC: Last January I was sworn in for my first term in Congress.

So, what have we accomplished since then?

Let‚Äôs take 2(ish) minutes t‚Ä¶","b'RT @AOC: Last January I was sworn in for my first term in Congress.\n\nSo, what have we accomplished since then?\n\nLet\xe2\x80\x99s take 2(ish) minutes t\xe2\x80\xa6'","{'hashtags': [], 'symbols': [], 'user_mentions': [{'screen_name': 'AOC', 'name': 'Alexandria Ocasio-Cortez', 'id': 138203134, 'id_str': '138203134', 'indices': [3, 7]}], 'urls': []}",,en
1337402365528465408,2020-12-11 14:22:26,RT @_Kalinski: All Praise To The Most High,b'RT @_Kalinski: All Praise To The Most High',"{'hashtags': [], 'symbols': [], 'user_mentions': [{'screen_name': '_Kalinski', 'name': 'Kala', 'id': 1104962783991554053, 'id_str': '1104962783991554053', 'indices': [3, 13]}], 'urls': []}",,en
1337402334066978816,2020-12-11 14:22:18,Grand Rising üïâ,b'Grand Rising \xf0\x9f\x95\x89',"{'hashtags': [], 'symbols': [], 'user_mentions': [], 'urls': []}",,en
1337232009085800448,2020-12-11 03:05:30,Me too https://t.co/pLk8h68DiB,b'Me too https://t.co/pLk8h68DiB',"{'hashtags': [], 'symbols': [], 'user_mentions': [], 'urls': [{'url': 'https://t.co/pLk8h68DiB', 'expanded_url': 'https://twitter.com/_deardiaryyy/status/1337227978057584642', 'display_url': 'twitter.com/_deardiaryyy/s‚Ä¶', 'indices': [7, 30]}]}",,en
1337224348294328321,2020-12-11 02:35:03,I can‚Äôt watch Grey‚Äôs Anatomy anymore it just makes me so emotional. I probably cried 4x today,b'I can\xe2\x80\x99t watch Grey\xe2\x80\x99s Anatomy anymore it just makes me so emotional. I probably cried 4x today',"{'hashtags': [], 'symbols': [], 'user_mentions': [], 'urls': []}",,en
1337142859888291849,2020-12-10 21:11:15,Need new by next week,b'Need new by next week',"{'hashtags': [], 'symbols': [], 'user_mentions': [], 'urls': []}",,en
1337097151445340164,2020-12-10 18:09:37,I didn‚Äôt think this food from the cafe wasn‚Äôt going to be good but it actually was today üòä,b'I didn\xe2\x80\x99t think this food from the cafe wasn\xe2\x80\x99t going to be good but it actually was today \xf0\x9f\x98\x8a',"{'hashtags': [], 'symbols': [], 'user_mentions': [], 'urls': []}",,en
1337083281544769537,2020-12-10 17:14:30,I finished Christmas shopping. BOOM,b'I finished Christmas shopping. BOOM',"{'hashtags': [], 'symbols': [], 'user_mentions': [], 'urls': []}",,en
1337044475575754758,2020-12-10 14:40:18,Grand Rising Beautiful Souls üßø,b'Grand Rising Beautiful Souls \xf0\x9f\xa7\xbf',"{'hashtags': [], 'symbols': [], 'user_mentions': [], 'urls': []}",,en
1336888786123444224,2020-12-10 04:21:39,https://t.co/iNzoBJ3f1N,b'https://t.co/iNzoBJ3f1N',"{'hashtags': [], 'symbols': [], 'user_mentions': [], 'urls': [], 'media': [{'id': 1336888770075955201, 'id_str': '1336888770075955201', 'indices': [0, 23], 'media_url': 'http://pbs.twimg.com/ext_tw_video_thumb/1336888770075955201/pu/img/ubU6GSjeg_7qLkCN.jpg', 'media_url_https': 'https://pbs.twimg.com/ext_tw_video_thumb/1336888770075955201/pu/img/ubU6GSjeg_7qLkCN.jpg', 'url': 'https://t.co/iNzoBJ3f1N', 'display_url': 'pic.twitter.com/iNzoBJ3f1N', 'expanded_url': 'https://twitter.com/nyabianca21/status/1336888786123444224/video/1', 'type': 'photo', 'sizes': {'thumb': {'w': 150, 'h': 150, 'resize': 'crop'}, 'small': {'w': 383, 'h': 680, 'resize': 'fit'}, 'large': {'w': 720, 'h': 1280, 'resize': 'fit'}, 'medium': {'w': 675, 'h': 1200, 'resize': 'fit'}}}]}",,und
1336867594503151616,2020-12-10 02:57:26,This was funny doe üòÇ https://t.co/YteIgByrDC,b'This was funny doe \xf0\x9f\x98\x82 https://t.co/YteIgByrDC',"{'hashtags': [], 'symbols': [], 'user_mentions': [], 'urls': [{'url': 'https://t.co/YteIgByrDC', 'expanded_url': 'https://twitter.com/_deardiaryyy/status/1336865499100090368', 'display_url': 'twitter.com/_deardiaryyy/s‚Ä¶', 'indices': [21, 44]}]}",,en
1336833795320913928,2020-12-10 00:43:08,Something told me get ice cream when i was at target ü§¶üèº‚Äç‚ôÄÔ∏è,b'Something told me get ice cream when i was at target \xf0\x9f\xa4\xa6\xf0\x9f\x8f\xbc\xe2\x80\x8d\xe2\x99\x80\xef\xb8\x8f',"{'hashtags': [], 'symbols': [], 'user_mentions': [], 'urls': []}",,en
1336816718287605760,2020-12-09 23:35:17,@ShakeTheVixen I just texted it to you,b'@ShakeTheVixen I just texted it to you',"{'hashtags': [], 'symbols': [], 'user_mentions': [{'screen_name': 'ShakeTheVixen', 'name': 'ü•Ä', 'id': 58160918, 'id_str': '58160918', 'indices': [0, 14]}], 'urls': []}",,en
1336804933925007363,2020-12-09 22:48:27,I went to target for one or two things ended up spending $100+,b'I went to target for one or two things ended up spending $100+',"{'hashtags': [], 'symbols': [], 'user_mentions': [], 'urls': []}",,en
1336791339489488897,2020-12-09 21:54:26,Adulting feels so good,b'Adulting feels so good',"{'hashtags': [], 'symbols': [], 'user_mentions': [], 'urls': []}",,en
1336788518589390853,2020-12-09 21:43:13,People be thrown off when i call now cause i have my caller ID as private. I‚Äôll switch it later,b'People be thrown off when i call now cause i have my caller ID as private. I\xe2\x80\x99ll switch it later',"{'hashtags': [], 'symbols': [], 'user_mentions': [], 'urls': []}",,en
1336766415643303936,2020-12-09 20:15:24,üòÇüòÇ https://t.co/am8c7ZrldC,b'\xf0\x9f\x98\x82\xf0\x9f\x98\x82 https://t.co/am8c7ZrldC',"{'hashtags': [], 'symbols': [], 'user_mentions': [], 'urls': [{'url': 'https://t.co/am8c7ZrldC', 'expanded_url': 'https://twitter.com/nostuntintended/status/1336765608495550464', 'display_url': 'twitter.com/nostuntintende‚Ä¶', 'indices': [3, 26]}]}",,und
1336749710003073024,2020-12-09 19:09:01,Lady in my office just keep talking and talking stfu!,b'Lady in my office just keep talking and talking stfu!',"{'hashtags': [], 'symbols': [], 'user_mentions': [], 'urls': []}",,en
1336749576485789701,2020-12-09 19:08:29,Sometimes i could just Cry....,b'Sometimes i could just Cry....',"{'hashtags': [], 'symbols': [], 'user_mentions': [], 'urls': []}",,en
1336703138762514434,2020-12-09 16:03:57,When money is deposited into my account that‚Äôs not my paycheck... https://t.co/7Mu2vxUzXM,b'When money is deposited into my account that\xe2\x80\x99s not my paycheck... https://t.co/7Mu2vxUzXM',"{'hashtags': [], 'symbols': [], 'user_mentions': [], 'urls': [], 'media': [{'id': 1336703131913236484, 'id_str': '1336703131913236484', 'indices': [66, 89], 'media_url': 'http://pbs.twimg.com/tweet_video_thumb/EozsapPXMAQA2Cx.jpg', 'media_url_https': 'https://pbs.twimg.com/tweet_video_thumb/EozsapPXMAQA2Cx.jpg', 'url': 'https://t.co/7Mu2vxUzXM', 'display_url': 'pic.twitter.com/7Mu2vxUzXM', 'expanded_url': 'https://twitter.com/nyabianca21/status/1336703138762514434/photo/1', 'type': 'photo', 'sizes': {'thumb': {'w': 150, 'h': 150, 'resize': 'crop'}, 'medium': {'w': 500, 'h': 500, 'resize': 'fit'}, 'small': {'w': 500, 'h': 500, 'resize': 'fit'}, 'large': {'w': 500, 'h': 500, 'resize': 'fit'}}}]}",,en
1336687582051241988,2020-12-09 15:02:08,I wish i could work from home,b'I wish i could work from home',"{'hashtags': [], 'symbols': [], 'user_mentions': [], 'urls': []}",,en
1336682024007069698,2020-12-09 14:40:03,I need my car washed. ü§¶üèº‚Äç‚ôÄÔ∏è,b'I need my car washed. \xf0\x9f\xa4\xa6\xf0\x9f\x8f\xbc\xe2\x80\x8d\xe2\x99\x80\xef\xb8\x8f',"{'hashtags': [], 'symbols': [], 'user_mentions': [], 'urls': []}",,en
1336670268786417665,2020-12-09 13:53:20,I‚Äôm going to be late for work. Baby A isn‚Äôt feeling it this morning,b'I\xe2\x80\x99m going to be late for work. Baby A isn\xe2\x80\x99t feeling it this morning',"{'hashtags': [], 'symbols': [], 'user_mentions': [], 'urls': []}",,en
1336475994992078848,2020-12-09 01:01:22,"I learned Hebrew at a young age, i should pick it back up and take my ass over seas","b'I learned Hebrew at a young age, i should pick it back up and take my ass over seas'","{'hashtags': [], 'symbols': [], 'user_mentions': [], 'urls': []}",,en
1336440998172495873,2020-12-08 22:42:18,RT @Ayye_pap: Don‚Äôt take that Covid vaccine slim üòÇüíØ https://t.co/terUmImAo5,b'RT @Ayye_pap: Don\xe2\x80\x99t take that Covid vaccine slim \xf0\x9f\x98\x82\xf0\x9f\x92\xaf https://t.co/terUmImAo5',"{'hashtags': [], 'symbols': [], 'user_mentions': [{'screen_name': 'Ayye_pap', 'name': 'Cool Slim', 'id': 219673629, 'id_str': '219673629', 'indices': [3, 12]}], 'urls': [], 'media': [{'id': 1336350071781163010, 'id_str': '1336350071781163010', 'indices': [52, 75], 'media_url': 'http://pbs.twimg.com/ext_tw_video_thumb/1336350071781163010/pu/img/JX0COWISOcjGPf1y.jpg', 'media_url_https': 'https://pbs.twimg.com/ext_tw_video_thumb/1336350071781163010/pu/img/JX0COWISOcjGPf1y.jpg', 'url': 'https://t.co/terUmImAo5', 'display_url': 'pic.twitter.com/terUmImAo5', 'expanded_url': 'https://twitter.com/Ayye_pap/status/1336350146515197952/video/1', 'type': 'photo', 'sizes': {'thumb': {'w': 150, 'h': 150, 'resize': 'crop'}, 'small': {'w': 680, 'h': 680, 'resize': 'fit'}, 'medium': {'w': 720, 'h': 720, 'resize': 'fit'}, 'large': {'w': 720, 'h': 720, 'resize': 'fit'}}, 'source_status_id': 1336350146515197952, 'source_status_id_str': '1336350146515197952', 'source_user_id': 219673629, 'source_user_id_str': '219673629'}]}",,en
1336428002775855112,2020-12-08 21:50:40,"I think of things he needs, like he doesn‚Äôt need AirPods because he lost two pairs this year","b'I think of things he needs, like he doesn\xe2\x80\x99t need AirPods because he lost two pairs this year'","{'hashtags': [], 'symbols': [], 'user_mentions': [], 'urls': []}",,en
1336427800811757576,2020-12-08 21:49:51,Got my child‚Äôs father one of his gifts i gotta order his other gifts Friday,b'Got my child\xe2\x80\x99s father one of his gifts i gotta order his other gifts Friday',"{'hashtags': [], 'symbols': [], 'user_mentions': [], 'urls': []}",,en
1336402101346430982,2020-12-08 20:07:44,RT @_aaliyahhnicole: That‚Äôs it there https://t.co/qVc2CTLZFl,b'RT @_aaliyahhnicole: That\xe2\x80\x99s it there https://t.co/qVc2CTLZFl',"{'hashtags': [], 'symbols': [], 'user_mentions': [{'screen_name': '_aaliyahhnicole', 'name': 'Aaliyahh ‚úäüèæü¶Å', 'id': 708805307, 'id_str': '708805307', 'indices': [3, 19]}], 'urls': [], 'media': [{'id': 1335977466322685954, 'id_str': '1335977466322685954', 'indices': [37, 60], 'media_url': 'http://pbs.twimg.com/media/EopYbWQXEAIveNV.jpg', 'media_url_https': 'https://pbs.twimg.com/media/EopYbWQXEAIveNV.jpg', 'url': 'https://t.co/qVc2CTLZFl', 'display_url': 'pic.twitter.com/qVc2CTLZFl', 'expanded_url': 'https://twitter.com/_aaliyahhnicole/status/1335977468549869576/photo/1', 'type': 'photo', 'sizes': {'small': {'w': 680, 'h': 430, 'resize': 'fit'}, 'thumb': {'w': 150, 'h': 150, 'resize': 'crop'}, 'large': {'w': 1242, 'h': 785, 'resize': 'fit'}, 'medium': {'w': 1200, 'h': 758, 'resize': 'fit'}}, 'source_status_id': 1335977468549869576, 'source_status_id_str': '1335977468549869576', 'source_user_id': 708805307, 'source_user_id_str': '708805307'}]}",,en
1336361932568240128,2020-12-08 17:28:07,My son Halloween costume for next year is already picked out,b'My son Halloween costume for next year is already picked out',"{'hashtags': [], 'symbols': [], 'user_mentions': [], 'urls': []}",,en
1336359624463814661,2020-12-08 17:18:57,CaribbeanGoodness is my spot,b'CaribbeanGoodness is my spot',"{'hashtags': [], 'symbols': [], 'user_mentions': [], 'urls': []}",,en
1336343055465656321,2020-12-08 16:13:07,I check credit karma faithfully.,b'I check credit karma faithfully.',"{'hashtags': [], 'symbols': [], 'user_mentions': [], 'urls': []}",,en
1336322622192119813,2020-12-08 14:51:55,Please,b'Please',"{'hashtags': [], 'symbols': [], 'user_mentions': [], 'urls': []}",,en
1336320199536996352,2020-12-08 14:42:17,Somebody bring me breakfast ü•û,b'Somebody bring me breakfast \xf0\x9f\xa5\x9e',"{'hashtags': [], 'symbols': [], 'user_mentions': [], 'urls': []}",,en
1336137163449245699,2020-12-08 02:34:58,I want some chocolate covered strawberries,b'I want some chocolate covered strawberries',"{'hashtags': [], 'symbols': [], 'user_mentions': [], 'urls': []}",,en
1336124172112715776,2020-12-08 01:43:21,Looks like my candle order got canceled. Cool,b'Looks like my candle order got canceled. Cool',"{'hashtags': [], 'symbols': [], 'user_mentions': [], 'urls': []}",,en
1336120118682775558,2020-12-08 01:27:14,RT @YungMiami305: I got pregnant pussy period üò≠üò≠üò≠,b'RT @YungMiami305: I got pregnant pussy period \xf0\x9f\x98\xad\xf0\x9f\x98\xad\xf0\x9f\x98\xad',"{'hashtags': [], 'symbols': [], 'user_mentions': [{'screen_name': 'YungMiami305', 'name': 'Yung Miami', 'id': 1258971660759085056, 'id_str': '1258971660759085056', 'indices': [3, 16]}], 'urls': []}",,en
1336006797300273152,2020-12-07 17:56:56,I‚Äôm not wasting money on stupid shit,b'I\xe2\x80\x99m not wasting money on stupid shit',"{'hashtags': [], 'symbols': [], 'user_mentions': [], 'urls': []}",,en
1335985382551326722,2020-12-07 16:31:51,Why am still looking for a Christmas gift for him...,b'Why am still looking for a Christmas gift for him...',"{'hashtags': [], 'symbols': [], 'user_mentions': [], 'urls': []}",,en
1335954036562997256,2020-12-07 14:27:17,Who going to treat you like i do?,b'Who going to treat you like i do?',"{'hashtags': [], 'symbols': [], 'user_mentions': [], 'urls': []}",,en
1335953639861608449,2020-12-07 14:25:43,My son probably think I‚Äôm crazy,b'My son probably think I\xe2\x80\x99m crazy',"{'hashtags': [], 'symbols': [], 'user_mentions': [], 'urls': []}",,en
1335934266589515781,2020-12-07 13:08:44,Monday ü•¥,b'Monday \xf0\x9f\xa5\xb4',"{'hashtags': [], 'symbols': [], 'user_mentions': [], 'urls': []}",,en
1335776349072527360,2020-12-07 02:41:13,I want Ruth Chris üò´,b'I want Ruth Chris \xf0\x9f\x98\xab',"{'hashtags': [], 'symbols': [], 'user_mentions': [], 'urls': []}",,en
1335776237839593474,2020-12-07 02:40:47,"This week I‚Äôm going to take myself out on a date. I use to go out to eat all the time by myself, i owe it to myself cause i take care of so many people.","b'This week I\xe2\x80\x99m going to take myself out on a date. I use to go out to eat all the time by myself, i owe it to myself cause i take care of so many people.'","{'hashtags': [], 'symbols': [], 'user_mentions': [], 'urls': []}",,en
1335766193194422273,2020-12-07 02:00:52,Don‚Äôt ask where me and son son getting our 11s from....,b'Don\xe2\x80\x99t ask where me and son son getting our 11s from....',"{'hashtags': [], 'symbols': [], 'user_mentions': [], 'urls': []}",,en
1335763201074618372,2020-12-07 01:48:59,@asjaaaaa_ Never tried fashion nova lingerie.,b'@asjaaaaa_ Never tried fashion nova lingerie.',"{'hashtags': [], 'symbols': [], 'user_mentions': [{'screen_name': 'asjaaaaa_', 'name': 'Aa.', 'id': 2740832331, 'id_str': '2740832331', 'indices': [0, 10]}], 'urls': []}",,en
1335753643295993860,2020-12-07 01:11:00,Bath and body works about to get all my coins ü•¥ i just love candles üïØ,b'Bath and body works about to get all my coins \xf0\x9f\xa5\xb4 i just love candles \xf0\x9f\x95\xaf',"{'hashtags': [], 'symbols': [], 'user_mentions': [], 'urls': []}",,en
1335744253176188928,2020-12-07 00:33:41,@asjaaaaa_ Not completely stop but you gotta at least get some pieces from the ‚Äúgrown side‚Äù lol,b'@asjaaaaa_ Not completely stop but you gotta at least get some pieces from the \xe2\x80\x9cgrown side\xe2\x80\x9d lol',"{'hashtags': [], 'symbols': [], 'user_mentions': [{'screen_name': 'asjaaaaa_', 'name': 'Aa.', 'id': 2740832331, 'id_str': '2740832331', 'indices': [0, 10]}], 'urls': []}",,en
1335739532357013504,2020-12-07 00:14:56,When your grown you stop shopping at VS Pink.....,b'When your grown you stop shopping at VS Pink.....',"{'hashtags': [], 'symbols': [], 'user_mentions': [], 'urls': []}",,en
1335670469782016000,2020-12-06 19:40:30,"Secondary number...
For all the step daddies",b'Secondary number...\nFor all the step daddies',"{'hashtags': [], 'symbols': [], 'user_mentions': [], 'urls': []}",,en
1335590127259815936,2020-12-06 14:21:15,Woke up so nauseous ü§Æ,b'Woke up so nauseous \xf0\x9f\xa4\xae',"{'hashtags': [], 'symbols': [], 'user_mentions': [], 'urls': []}",,en
1335416445749108736,2020-12-06 02:51:06,https://t.co/SYRf4lewL6,b'https://t.co/SYRf4lewL6',"{'hashtags': [], 'symbols': [], 'user_mentions': [], 'urls': [], 'media': [{'id': 1335416443047960576, 'id_str': '1335416443047960576', 'indices': [0, 23], 'media_url': 'http://pbs.twimg.com/media/EohaLfsW4AALnYd.jpg', 'media_url_https': 'https://pbs.twimg.com/media/EohaLfsW4AALnYd.jpg', 'url': 'https://t.co/SYRf4lewL6', 'display_url': 'pic.twitter.com/SYRf4lewL6', 'expanded_url': 'https://twitter.com/nyabianca21/status/1335416445749108736/photo/1', 'type': 'photo', 'sizes': {'large': {'w': 828, 'h': 1792, 'resize': 'fit'}, 'thumb': {'w': 150, 'h': 150, 'resize': 'crop'}, 'medium': {'w': 554, 'h': 1200, 'resize': 'fit'}, 'small': {'w': 314, 'h': 680, 'resize': 'fit'}}}]}",,und
1335399984527761409,2020-12-06 01:45:41,How do your write somebody a letter and not curse them out,b'How do your write somebody a letter and not curse them out',"{'hashtags': [], 'symbols': [], 'user_mentions': [], 'urls': []}",,en
1335397930988089345,2020-12-06 01:37:31,You woke up the petty beast and i don‚Äôt feel bad for what‚Äôs going to happen next üòä,b'You woke up the petty beast and i don\xe2\x80\x99t feel bad for what\xe2\x80\x99s going to happen next \xf0\x9f\x98\x8a',"{'hashtags': [], 'symbols': [], 'user_mentions': [], 'urls': []}",,en
1335368188066979847,2020-12-05 23:39:20,Man in front of me mad his good $22.40 brah nobody told you order all that cow,b'Man in front of me mad his good $22.40 brah nobody told you order all that cow',"{'hashtags': [], 'symbols': [], 'user_mentions': [], 'urls': []}",,en
1335350237129551874,2020-12-05 22:28:00,Once my son is born we might just move to Atlanta..... ü§î,b'Once my son is born we might just move to Atlanta..... \xf0\x9f\xa4\x94',"{'hashtags': [], 'symbols': [], 'user_mentions': [], 'urls': []}",,en
1335308509139902464,2020-12-05 19:42:12,RT @asjaaaaa_: i do not feel like doing shit today,b'RT @asjaaaaa_: i do not feel like doing shit today',"{'hashtags': [], 'symbols': [], 'user_mentions': [{'screen_name': 'asjaaaaa_', 'name': 'Aa.', 'id': 2740832331, 'id_str': '2740832331', 'indices': [3, 13]}], 'urls': []}",,en
1335308488235487233,2020-12-05 19:42:07,Soooo usps taking all day with my package that should‚Äôve been here yesterday,b'Soooo usps taking all day with my package that should\xe2\x80\x99ve been here yesterday',"{'hashtags': [], 'symbols': [], 'user_mentions': [], 'urls': []}",,en
1335284660683894786,2020-12-05 18:07:26,@theLworddd For sure.,b'@theLworddd For sure.',"{'hashtags': [], 'symbols': [], 'user_mentions': [{'screen_name': 'theLworddd', 'name': 'lizlensesüåªüá≥üá¨ #ENDSARS', 'id': 161434501, 'id_str': '161434501', 'indices': [0, 11]}], 'urls': []}",,en
1335284165600813057,2020-12-05 18:05:28,Some of these bird bitches don‚Äôt even know their credit score. üòÜ,b'Some of these bird bitches don\xe2\x80\x99t even know their credit score. \xf0\x9f\x98\x86',"{'hashtags': [], 'symbols': [], 'user_mentions': [], 'urls': []}",,en
1335283836444422153,2020-12-05 18:04:09,BEST FEELING EVER https://t.co/d7Yv8Xyw3T,b'BEST FEELING EVER https://t.co/d7Yv8Xyw3T',"{'hashtags': [], 'symbols': [], 'user_mentions': [], 'urls': [{'url': 'https://t.co/d7Yv8Xyw3T', 'expanded_url': 'https://twitter.com/theLworddd/status/1335283353998794753', 'display_url': 'twitter.com/theLworddd/sta‚Ä¶', 'indices': [18, 41]}]}",,en
1335282279128686592,2020-12-05 17:57:58,RT @queenmaiiii: keyshia cole is gonna respectfully wash ashanti,b'RT @queenmaiiii: keyshia cole is gonna respectfully wash ashanti',"{'hashtags': [], 'symbols': [], 'user_mentions': [{'screen_name': 'queenmaiiii', 'name': 'calvin cambridge', 'id': 773933975815553024, 'id_str': '773933975815553024', 'indices': [3, 15]}], 'urls': []}",,en
1335280769284141059,2020-12-05 17:51:58,I think because I‚Äôm about to be a mom I‚Äôm in Christmas spirit üéÑ,b'I think because I\xe2\x80\x99m about to be a mom I\xe2\x80\x99m in Christmas spirit \xf0\x9f\x8e\x84',"{'hashtags': [], 'symbols': [], 'user_mentions': [], 'urls': []}",,en
1335269866169913345,2020-12-05 17:08:38,Throwing my couch away. It‚Äôs still a pretty nice couch if anybody want it,b'Throwing my couch away. It\xe2\x80\x99s still a pretty nice couch if anybody want it',"{'hashtags': [], 'symbols': [], 'user_mentions': [], 'urls': []}",,en
1335160491300286464,2020-12-05 09:54:01,If it rains all day I‚Äôm not going to Tysons,b'If it rains all day I\xe2\x80\x99m not going to Tysons',"{'hashtags': [], 'symbols': [], 'user_mentions': [], 'urls': []}",,en
1335043562640199680,2020-12-05 02:09:23,He is right on my bladder. ü•¥,b'He is right on my bladder. \xf0\x9f\xa5\xb4',"{'hashtags': [], 'symbols': [], 'user_mentions': [], 'urls': []}",,en
1335030428944785409,2020-12-05 01:17:12,I just want my Doppler,b'I just want my Doppler',"{'hashtags': [], 'symbols': [], 'user_mentions': [], 'urls': []}",,en
1335028382522814464,2020-12-05 01:09:04,My package was suppose to be here today but nope it‚Äôs not here yet I‚Äôm getting impatient,b'My package was suppose to be here today but nope it\xe2\x80\x99s not here yet I\xe2\x80\x99m getting impatient',"{'hashtags': [], 'symbols': [], 'user_mentions': [], 'urls': []}",,en
1335012888264794114,2020-12-05 00:07:30,RT @Flashyasf: I burn bridges because I can swim. Don‚Äôt ever think I need ya,b'RT @Flashyasf: I burn bridges because I can swim. Don\xe2\x80\x99t ever think I need ya',"{'hashtags': [], 'symbols': [], 'user_mentions': [{'screen_name': 'Flashyasf', 'name': 'Flash', 'id': 2596569495, 'id_str': '2596569495', 'indices': [3, 13]}], 'urls': []}",,en
1334984476984807426,2020-12-04 22:14:36,I‚Äôm changing the gifts bags,b'I\xe2\x80\x99m changing the gifts bags',"{'hashtags': [], 'symbols': [], 'user_mentions': [], 'urls': []}",,en
1334905278815481859,2020-12-04 16:59:54,@ShakeTheVixen I‚Äôm going tomorrow morning.,b'@ShakeTheVixen I\xe2\x80\x99m going tomorrow morning.',"{'hashtags': [], 'symbols': [], 'user_mentions': [{'screen_name': 'ShakeTheVixen', 'name': 'ü•Ä', 'id': 58160918, 'id_str': '58160918', 'indices': [0, 14]}], 'urls': []}",,en
1334904930960805888,2020-12-04 16:58:31,"One thing ppl don‚Äôt know, this was planned lol üòÜ","b'One thing ppl don\xe2\x80\x99t know, this was planned lol \xf0\x9f\x98\x86'","{'hashtags': [], 'symbols': [], 'user_mentions': [], 'urls': []}",,en
1334904700236423175,2020-12-04 16:57:36,Birds love talking to themselves,b'Birds love talking to themselves',"{'hashtags': [], 'symbols': [], 'user_mentions': [], 'urls': []}",,en
1334897195577974786,2020-12-04 16:27:47,Bath and body works keep crashing. I just want my 15 candles.,b'Bath and body works keep crashing. I just want my 15 candles.',"{'hashtags': [], 'symbols': [], 'user_mentions': [], 'urls': []}",,en
1334684409585410049,2020-12-04 02:22:15,RT @QuickestTempa: https://t.co/T7eXnILAKE,b'RT @QuickestTempa: https://t.co/T7eXnILAKE',"{'hashtags': [], 'symbols': [], 'user_mentions': [{'screen_name': 'QuickestTempa', 'name': 'Tempa', 'id': 870432848070582273, 'id_str': '870432848070582273', 'indices': [3, 17]}], 'urls': [], 'media': [{'id': 1334313187542331393, 'id_str': '1334313187542331393', 'indices': [19, 42], 'media_url': 'http://pbs.twimg.com/ext_tw_video_thumb/1334313187542331393/pu/img/0-5QhTwSq7-rz1HF.jpg', 'media_url_https': 'https://pbs.twimg.com/ext_tw_video_thumb/1334313187542331393/pu/img/0-5QhTwSq7-rz1HF.jpg', 'url': 'https://t.co/T7eXnILAKE', 'display_url': 'pic.twitter.com/T7eXnILAKE', 'expanded_url': 'https://twitter.com/QuickestTempa/status/1334313298565550082/video/1', 'type': 'photo', 'sizes': {'thumb': {'w': 150, 'h': 150, 'resize': 'crop'}, 'small': {'w': 680, 'h': 680, 'resize': 'fit'}, 'medium': {'w': 854, 'h': 854, 'resize': 'fit'}, 'large': {'w': 854, 'h': 854, 'resize': 'fit'}}, 'source_status_id': 1334313298565550082, 'source_status_id_str': '1334313298565550082', 'source_user_id': 870432848070582273, 'source_user_id_str': '870432848070582273'}]}",,und
1334683586314768384,2020-12-04 02:18:58,@_deardiaryyy Check your oil your engine could‚Äôve locked up on you if the engine won‚Äôt start.,b'@_deardiaryyy Check your oil your engine could\xe2\x80\x99ve locked up on you if the engine won\xe2\x80\x99t start.',"{'hashtags': [], 'symbols': [], 'user_mentions': [{'screen_name': '_deardiaryyy', 'name': 'Rachel no Dolezal', 'id': 128616504, 'id_str': '128616504', 'indices': [0, 13]}], 'urls': []}",,en
1334680634535587840,2020-12-04 02:07:15,@_deardiaryyy When is the last time you got a oil change?,b'@_deardiaryyy When is the last time you got a oil change?',"{'hashtags': [], 'symbols': [], 'user_mentions': [{'screen_name': '_deardiaryyy', 'name': 'Rachel no Dolezal', 'id': 128616504, 'id_str': '128616504', 'indices': [0, 13]}], 'urls': []}",,en
1334673056338497541,2020-12-04 01:37:08,I‚Äôm not doing a regular photoshoot. Classy and elegantü§ç,b'I\xe2\x80\x99m not doing a regular photoshoot. Classy and elegant\xf0\x9f\xa4\x8d',"{'hashtags': [], 'symbols': [], 'user_mentions': [], 'urls': []}",,en
1334664603930947586,2020-12-04 01:03:33,@nostuntintended Hushhhhh,b'@nostuntintended Hushhhhh',"{'hashtags': [], 'symbols': [], 'user_mentions': [{'screen_name': 'nostuntintended', 'name': 'SNOBISH COSMETICS', 'id': 1184895176428457995, 'id_str': '1184895176428457995', 'indices': [0, 16]}], 'urls': []}",,tl
1334661048176177154,2020-12-04 00:49:25,I‚Äôm so into the 1930-40s i love a classic look,b'I\xe2\x80\x99m so into the 1930-40s i love a classic look',"{'hashtags': [], 'symbols': [], 'user_mentions': [], 'urls': []}",,en
1334641108018737153,2020-12-03 23:30:11,Everybody getting a gift in my family this year,b'Everybody getting a gift in my family this year',"{'hashtags': [], 'symbols': [], 'user_mentions': [], 'urls': []}",,en
1334598395995025408,2020-12-03 20:40:27,Your just a Fan üòò,b'Your just a Fan \xf0\x9f\x98\x98',"{'hashtags': [], 'symbols': [], 'user_mentions': [], 'urls': []}",,en
1334529326402953218,2020-12-03 16:06:00,One minute i can be in love with you and the next i can act like i never knew you.,b'One minute i can be in love with you and the next i can act like i never knew you.',"{'hashtags': [], 'symbols': [], 'user_mentions': [], 'urls': []}",,en
1334508049134989333,2020-12-03 14:41:27,Somebody come bring me breakfast,b'Somebody come bring me breakfast',"{'hashtags': [], 'symbols': [], 'user_mentions': [], 'urls': []}",,en
1334502506370641926,2020-12-03 14:19:26,Ppl can not drive this morning. Hit my car and see that USAA Come for you.,b'Ppl can not drive this morning. Hit my car and see that USAA Come for you.',"{'hashtags': [], 'symbols': [], 'user_mentions': [], 'urls': []}",,en
1334340896733728768,2020-12-03 03:37:15,Wouldn‚Äôt trade her for anything in this world üíï https://t.co/riMaqg1uTq,b'Wouldn\xe2\x80\x99t trade her for anything in this world \xf0\x9f\x92\x95 https://t.co/riMaqg1uTq',"{'hashtags': [], 'symbols': [], 'user_mentions': [], 'urls': [], 'media': [{'id': 1334340892669464577, 'id_str': '1334340892669464577', 'indices': [48, 71], 'media_url': 'http://pbs.twimg.com/media/EoSH-OTXUAEmmSB.jpg', 'media_url_https': 'https://pbs.twimg.com/media/EoSH-OTXUAEmmSB.jpg', 'url': 'https://t.co/riMaqg1uTq', 'display_url': 'pic.twitter.com/riMaqg1uTq', 'expanded_url': 'https://twitter.com/nyabianca21/status/1334340896733728768/photo/1', 'type': 'photo', 'sizes': {'thumb': {'w': 150, 'h': 150, 'resize': 'crop'}, 'medium': {'w': 1200, 'h': 900, 'resize': 'fit'}, 'large': {'w': 2048, 'h': 1536, 'resize': 'fit'}, 'small': {'w': 680, 'h': 510, 'resize': 'fit'}}}]}",,en
1334340260013207553,2020-12-03 03:34:43,Y‚Äôall don‚Äôt understand what it‚Äôs like sleeping with a 40lbs pit bull sleeps on your legs and won‚Äôt move. ü•¥,b'Y\xe2\x80\x99all don\xe2\x80\x99t understand what it\xe2\x80\x99s like sleeping with a 40lbs pit bull sleeps on your legs and won\xe2\x80\x99t move. \xf0\x9f\xa5\xb4',"{'hashtags': [], 'symbols': [], 'user_mentions': [], 'urls': []}",,en
1334282113479270401,2020-12-02 23:43:40,RT @_120111: Need to have sex üòë,b'RT @_120111: Need to have sex \xf0\x9f\x98\x91',"{'hashtags': [], 'symbols': [], 'user_mentions': [{'screen_name': '_120111', 'name': '06/13üòà', 'id': 33713301, 'id_str': '33713301', 'indices': [3, 11]}], 'urls': []}",,en
1334008166586212353,2020-12-02 05:35:06,Heartburn is a B****,b'Heartburn is a B****',"{'hashtags': [], 'symbols': [], 'user_mentions': [], 'urls': []}",,en
1333963442580025344,2020-12-02 02:37:23,RT @ManishLife_Ty: Man wtf is this world coming to?! Wild af!! https://t.co/VqvwrHdWJk,b'RT @ManishLife_Ty: Man wtf is this world coming to?! Wild af!! https://t.co/VqvwrHdWJk',"{'hashtags': [], 'symbols': [], 'user_mentions': [{'screen_name': 'ManishLife_Ty', 'name': 'ManishLifeApparel.com üëÄ', 'id': 107515561, 'id_str': '107515561', 'indices': [3, 17]}], 'urls': [], 'media': [{'id': 1333660082513604608, 'id_str': '1333660082513604608', 'indices': [63, 86], 'media_url': 'http://pbs.twimg.com/ext_tw_video_thumb/1333660082513604608/pu/img/7Xmzr9oGic_f8_Ql.jpg', 'media_url_https': 'https://pbs.twimg.com/ext_tw_video_thumb/1333660082513604608/pu/img/7Xmzr9oGic_f8_Ql.jpg', 'url': 'https://t.co/VqvwrHdWJk', 'display_url': 'pic.twitter.com/VqvwrHdWJk', 'expanded_url': 'https://twitter.com/ManishLife_Ty/status/1333660144685748225/video/1', 'type': 'photo', 'sizes': {'thumb': {'w': 150, 'h': 150, 'resize': 'crop'}, 'large': {'w': 884, 'h': 502, 'resize': 'fit'}, 'medium': {'w': 884, 'h': 502, 'resize': 'fit'}, 'small': {'w': 680, 'h': 386, 'resize': 'fit'}}, 'source_status_id': 1333660144685748225, 'source_status_id_str': '1333660144685748225', 'source_user_id': 107515561, 'source_user_id_str': '107515561'}]}",,en
1333955306976632835,2020-12-02 02:05:03,Nina is stressing me out. Girl lay your ass down,b'Nina is stressing me out. Girl lay your ass down',"{'hashtags': [], 'symbols': [], 'user_mentions': [], 'urls': []}",,en
1333921489507192839,2020-12-01 23:50:40,Getting my seats in my car cleaned right now. This i gotta two new tires and my lights fixed,b'Getting my seats in my car cleaned right now. This i gotta two new tires and my lights fixed',"{'hashtags': [], 'symbols': [], 'user_mentions': [], 'urls': []}",,en
1333894800735670273,2020-12-01 22:04:37,"RT @tadaizag: y‚Äôall ever crave for somebody? not even in a sexual way but like they vibe, scent, kisses and company üò©üò©ü•∫ü•∫ü•∫","b'RT @tadaizag: y\xe2\x80\x99all ever crave for somebody? not even in a sexual way but like they vibe, scent, kisses and company \xf0\x9f\x98\xa9\xf0\x9f\x98\xa9\xf0\x9f\xa5\xba\xf0\x9f\xa5\xba\xf0\x9f\xa5\xba'","{'hashtags': [], 'symbols': [], 'user_mentions': [{'screen_name': 'tadaizag', 'name': '\U0001f9cb', 'id': 4583216236, 'id_str': '4583216236', 'indices': [3, 12]}], 'urls': []}",,en
1333837471487045633,2020-12-01 18:16:49,Waiting to see my stinka Dinka,b'Waiting to see my stinka Dinka',"{'hashtags': [], 'symbols': [], 'user_mentions': [], 'urls': []}",,en
1333835276167376896,2020-12-01 18:08:05,At the doctors still haven‚Äôt gained any weight. Oh well,b'At the doctors still haven\xe2\x80\x99t gained any weight. Oh well',"{'hashtags': [], 'symbols': [], 'user_mentions': [], 'urls': []}",,en
1333832256671068163,2020-12-01 17:56:06,"RT @suepalkafox5dc: ‚ùÑÔ∏è #Snow is piling up in NW #PA!
My brother took this video minutes ago in #McKean, just south of #Erie, where 6-8‚Äù+ is‚Ä¶","b'RT @suepalkafox5dc: \xe2\x9d\x84\xef\xb8\x8f #Snow is piling up in NW #PA!\nMy brother took this video minutes ago in #McKean, just south of #Erie, where 6-8\xe2\x80\x9d+ is\xe2\x80\xa6'","{'hashtags': [{'text': 'Snow', 'indices': [23, 28]}, {'text': 'PA', 'indices': [48, 51]}, {'text': 'McKean', 'indices': [95, 102]}, {'text': 'Erie', 'indices': [118, 123]}], 'symbols': [], 'user_mentions': [{'screen_name': 'suepalkafox5dc', 'name': 'Sue Palka FOX 5 DC', 'id': 1426265922, 'id_str': '1426265922', 'indices': [3, 18]}], 'urls': []}",,en
1333814316961820680,2020-12-01 16:44:48,I really miss working at the hotel but the hospital cool,b'I really miss working at the hotel but the hospital cool',"{'hashtags': [], 'symbols': [], 'user_mentions': [], 'urls': []}",,en
1333799606686138369,2020-12-01 15:46:21,I love yogurt and granola ü•∞,b'I love yogurt and granola \xf0\x9f\xa5\xb0',"{'hashtags': [], 'symbols': [], 'user_mentions': [], 'urls': []}",,en
1333782611907502081,2020-12-01 14:38:49,"Return the whole baby daddy
-Thank you",b'Return the whole baby daddy\n-Thank you',"{'hashtags': [], 'symbols': [], 'user_mentions': [], 'urls': []}",,en
1333775281090220033,2020-12-01 14:09:42,My child‚Äôs father keep tryna play with me.... little boy i will turn your phone off so fast keep playing,b'My child\xe2\x80\x99s father keep tryna play with me.... little boy i will turn your phone off so fast keep playing',"{'hashtags': [], 'symbols': [], 'user_mentions': [], 'urls': []}",,en
1333621735598514176,2020-12-01 03:59:33,My is so tight tonight. Literally have tried everything this is annoying,b'My is so tight tonight. Literally have tried everything this is annoying',"{'hashtags': [], 'symbols': [], 'user_mentions': [], 'urls': []}",,en
1333444613999353858,2020-11-30 16:15:44,üíïüíïüíï https://t.co/8ZhkKvyNhn,b'\xf0\x9f\x92\x95\xf0\x9f\x92\x95\xf0\x9f\x92\x95 https://t.co/8ZhkKvyNhn',"{'hashtags': [], 'symbols': [], 'user_mentions': [], 'urls': [{'url': 'https://t.co/8ZhkKvyNhn', 'expanded_url': 'https://twitter.com/ShakeTheVixen/status/1333443851156156418', 'display_url': 'twitter.com/ShakeTheVixen/‚Ä¶', 'indices': [4, 27]}]}",,und
1333434841535311873,2020-11-30 15:36:54,And his college fund,b'And his college fund',"{'hashtags': [], 'symbols': [], 'user_mentions': [], 'urls': []}",,en
1333433990766800899,2020-11-30 15:33:32,As soon as my son is born he‚Äôs getting his passport,b'As soon as my son is born he\xe2\x80\x99s getting his passport',"{'hashtags': [], 'symbols': [], 'user_mentions': [], 'urls': []}",,en
1333418332633108481,2020-11-30 14:31:18,@Yinkinpink Thanks stinks. He‚Äôs due April 18th but i feel like he‚Äôs going to come earlier. My bday 4-10 so he might be my bday gift,b'@Yinkinpink Thanks stinks. He\xe2\x80\x99s due April 18th but i feel like he\xe2\x80\x99s going to come earlier. My bday 4-10 so he might be my bday gift',"{'hashtags': [], 'symbols': [], 'user_mentions': [{'screen_name': 'Yinkinpink', 'name': 'Yinka', 'id': 867049281605316608, 'id_str': '867049281605316608', 'indices': [0, 11]}], 'urls': []}",,en
1333417746089078788,2020-11-30 14:28:59,@Yinkinpink She‚Äôs going to so cute lol. My dude got a son already so i knew this was going to be a boy lol,b'@Yinkinpink She\xe2\x80\x99s going to so cute lol. My dude got a son already so i knew this was going to be a boy lol',"{'hashtags': [], 'symbols': [], 'user_mentions': [{'screen_name': 'Yinkinpink', 'name': 'Yinka', 'id': 867049281605316608, 'id_str': '867049281605316608', 'indices': [0, 11]}], 'urls': []}",,en
1333416990334136326,2020-11-30 14:25:58,@Yinkinpink All men want a boy first. God knew not to give me a girl yet,b'@Yinkinpink All men want a boy first. God knew not to give me a girl yet',"{'hashtags': [], 'symbols': [], 'user_mentions': [{'screen_name': 'Yinkinpink', 'name': 'Yinka', 'id': 867049281605316608, 'id_str': '867049281605316608', 'indices': [0, 11]}], 'urls': []}",,en
1333416280754450432,2020-11-30 14:23:09,"My son probably think I‚Äôm crazy every morning we listen to Lil Kim, Junior Mafia, Biggie and Foxy Brown","b'My son probably think I\xe2\x80\x99m crazy every morning we listen to Lil Kim, Junior Mafia, Biggie and Foxy Brown'","{'hashtags': [], 'symbols': [], 'user_mentions': [], 'urls': []}",,en
1333415840448917506,2020-11-30 14:21:24,@Yinkinpink Congratulations üíïüíïüíï,b'@Yinkinpink Congratulations \xf0\x9f\x92\x95\xf0\x9f\x92\x95\xf0\x9f\x92\x95',"{'hashtags': [], 'symbols': [], 'user_mentions': [{'screen_name': 'Yinkinpink', 'name': 'Yinka', 'id': 867049281605316608, 'id_str': '867049281605316608', 'indices': [0, 11]}], 'urls': []}",,en
1333414495205666816,2020-11-30 14:16:03,??,b'??',"{'hashtags': [], 'symbols': [], 'user_mentions': [], 'urls': []}",,und
1333414457675030530,2020-11-30 14:15:55,Who tryna pay for my tires,b'Who tryna pay for my tires',"{'hashtags': [], 'symbols': [], 'user_mentions': [], 'urls': []}",,en
1333411990753210368,2020-11-30 14:06:06,20 weeks today üíô,b'20 weeks today \xf0\x9f\x92\x99',"{'hashtags': [], 'symbols': [], 'user_mentions': [], 'urls': []}",,en
1333405518841438209,2020-11-30 13:40:23,I hate driving in the rain F my life,b'I hate driving in the rain F my life',"{'hashtags': [], 'symbols': [], 'user_mentions': [], 'urls': []}",,en
1333405263769051136,2020-11-30 13:39:23,Ughhhh the rain whyyyyyyyt,b'Ughhhh the rain whyyyyyyyt',"{'hashtags': [], 'symbols': [], 'user_mentions': [], 'urls': []}",,en
1333405101713666048,2020-11-30 13:38:44,@asjaaaaa_ ü•¥,b'@asjaaaaa_ \xf0\x9f\xa5\xb4',"{'hashtags': [], 'symbols': [], 'user_mentions': [{'screen_name': 'asjaaaaa_', 'name': 'Aa.', 'id': 2740832331, 'id_str': '2740832331', 'indices': [0, 10]}], 'urls': []}",,und
1333119498447155205,2020-11-29 18:43:51,Bed bath and beyond sent me my coupons thank you üòä,b'Bed bath and beyond sent me my coupons thank you \xf0\x9f\x98\x8a',"{'hashtags': [], 'symbols': [], 'user_mentions': [], 'urls': []}",,en
1333113558079590402,2020-11-29 18:20:14,RT @r8cchh: I got on FB &amp; see one of my followers on here stealing packages ü•¥ü•¥,b'RT @r8cchh: I got on FB &amp; see one of my followers on here stealing packages \xf0\x9f\xa5\xb4\xf0\x9f\xa5\xb4',"{'hashtags': [], 'symbols': [], 'user_mentions': [{'screen_name': 'r8cchh', 'name': 'r', 'id': 157211735, 'id_str': '157211735', 'indices': [3, 10]}], 'urls': []}",,en
1333098892737515522,2020-11-29 17:21:58,Might go up NuVegan today ü§®,b'Might go up NuVegan today \xf0\x9f\xa4\xa8',"{'hashtags': [], 'symbols': [], 'user_mentions': [], 'urls': []}",,en
1333090172624392192,2020-11-29 16:47:19,The best thing about having a small baby pump i can just buy bigger size clothes,b'The best thing about having a small baby pump i can just buy bigger size clothes',"{'hashtags': [], 'symbols': [], 'user_mentions': [], 'urls': []}",,en
1332892462835249152,2020-11-29 03:41:41,I clean everyday but when i super women clean you should be worried,b'I clean everyday but when i super women clean you should be worried',"{'hashtags': [], 'symbols': [], 'user_mentions': [], 'urls': []}",,en
1332878649947779073,2020-11-29 02:46:48,Me my son and Nina.,b'Me my son and Nina.',"{'hashtags': [], 'symbols': [], 'user_mentions': [], 'urls': []}",,en
1332875057207586817,2020-11-29 02:32:31,Im so petty i will act like i never knew you or saw you a day in my life üòÇ,b'Im so petty i will act like i never knew you or saw you a day in my life \xf0\x9f\x98\x82',"{'hashtags': [], 'symbols': [], 'user_mentions': [], 'urls': []}",,en
1332835207301505025,2020-11-28 23:54:10,I hate my dude job,b'I hate my dude job',"{'hashtags': [], 'symbols': [], 'user_mentions': [], 'urls': []}",,en
1332743008291336192,2020-11-28 17:47:49,RT @ok_girlfriend: This shelter held Thanksgiving for around 80 dogs and cats resulting in lots of wagging tails https://t.co/od59M4XAiN,b'RT @ok_girlfriend: This shelter held Thanksgiving for around 80 dogs and cats resulting in lots of wagging tails https://t.co/od59M4XAiN',"{'hashtags': [], 'symbols': [], 'user_mentions': [{'screen_name': 'ok_girlfriend', 'name': 'Living Morganism üå±', 'id': 1191084882002210816, 'id_str': '1191084882002210816', 'indices': [3, 17]}], 'urls': [], 'media': [{'id': 1332401466963873795, 'id_str': '1332401466963873795', 'indices': [113, 136], 'media_url': 'http://pbs.twimg.com/media/En2kEyiXUAMZLf-.jpg', 'media_url_https': 'https://pbs.twimg.com/media/En2kEyiXUAMZLf-.jpg', 'url': 'https://t.co/od59M4XAiN', 'display_url': 'pic.twitter.com/od59M4XAiN', 'expanded_url': 'https://twitter.com/ok_girlfriend/status/1332401480104636416/photo/1', 'type': 'photo', 'sizes': {'large': {'w': 1594, 'h': 2048, 'resize': 'fit'}, 'thumb': {'w': 150, 'h': 150, 'resize': 'crop'}, 'small': {'w': 529, 'h': 680, 'resize': 'fit'}, 'medium': {'w': 934, 'h': 1200, 'resize': 'fit'}}, 'source_status_id': 1332401480104636416, 'source_status_id_str': '1332401480104636416', 'source_user_id': 1191084882002210816, 'source_user_id_str': '1191084882002210816'}]}",,en
1332169467305070592,2020-11-27 03:48:46,#thankful https://t.co/lNLpqcECGz,b'#thankful https://t.co/lNLpqcECGz',"{'hashtags': [{'text': 'thankful', 'indices': [0, 9]}], 'symbols': [], 'user_mentions': [], 'urls': [], 'media': [{'id': 1332169418810515465, 'id_str': '1332169418810515465', 'indices': [10, 33], 'media_url': 'http://pbs.twimg.com/ext_tw_video_thumb/1332169418810515465/pu/img/KWB6FTkQpxZ8lVcL.jpg', 'media_url_https': 'https://pbs.twimg.com/ext_tw_video_thumb/1332169418810515465/pu/img/KWB6FTkQpxZ8lVcL.jpg', 'url': 'https://t.co/lNLpqcECGz', 'display_url': 'pic.twitter.com/lNLpqcECGz', 'expanded_url': 'https://twitter.com/nyabianca21/status/1332169467305070592/video/1', 'type': 'photo', 'sizes': {'thumb': {'w': 150, 'h': 150, 'resize': 'crop'}, 'small': {'w': 383, 'h': 680, 'resize': 'fit'}, 'large': {'w': 720, 'h': 1280, 'resize': 'fit'}, 'medium': {'w': 675, 'h': 1200, 'resize': 'fit'}}}]}",,und
1332018870404734976,2020-11-26 17:50:21,I‚Äôm serving milf today,b'I\xe2\x80\x99m serving milf today',"{'hashtags': [], 'symbols': [], 'user_mentions': [], 'urls': []}",,en
1332006384825753602,2020-11-26 17:00:44,@ShakeTheVixen My hair is cooperating. I need a trim ASAP,b'@ShakeTheVixen My hair is cooperating. I need a trim ASAP',"{'hashtags': [], 'symbols': [], 'user_mentions': [{'screen_name': 'ShakeTheVixen', 'name': 'ü•Ä', 'id': 58160918, 'id_str': '58160918', 'indices': [0, 14]}], 'urls': []}",,en
1331993684137693185,2020-11-26 16:10:16,@ShakeTheVixen üòÇüòÇ Ard let me go get started,b'@ShakeTheVixen \xf0\x9f\x98\x82\xf0\x9f\x98\x82 Ard let me go get started',"{'hashtags': [], 'symbols': [], 'user_mentions': [{'screen_name': 'ShakeTheVixen', 'name': 'ü•Ä', 'id': 58160918, 'id_str': '58160918', 'indices': [0, 14]}], 'urls': []}",,en
1331993258239664130,2020-11-26 16:08:34,@ShakeTheVixen Straight or curls?,b'@ShakeTheVixen Straight or curls?',"{'hashtags': [], 'symbols': [], 'user_mentions': [{'screen_name': 'ShakeTheVixen', 'name': 'ü•Ä', 'id': 58160918, 'id_str': '58160918', 'indices': [0, 14]}], 'urls': []}",,en
1331992890587947008,2020-11-26 16:07:07,Let me go do something with my hair.....ü•¥,b'Let me go do something with my hair.....\xf0\x9f\xa5\xb4',"{'hashtags': [], 'symbols': [], 'user_mentions': [], 'urls': []}",,en
1331967068082671618,2020-11-26 14:24:30,Good morning üßø,b'Good morning \xf0\x9f\xa7\xbf',"{'hashtags': [], 'symbols': [], 'user_mentions': [], 'urls': []}",,en
1331964562791337986,2020-11-26 14:14:33,"RT @MerchByMartez: Chris can go down as the best to ever do it. 
Crazy versatile. DC legend fo sho.

 https://t.co/oLUoJ80Org",b'RT @MerchByMartez: Chris can go down as the best to ever do it. \nCrazy versatile. DC legend fo sho.\n\n https://t.co/oLUoJ80Org',"{'hashtags': [], 'symbols': [], 'user_mentions': [{'screen_name': 'MerchByMartez', 'name': 'Kavon  Martez', 'id': 3373180857, 'id_str': '3373180857', 'indices': [3, 17]}], 'urls': [], 'media': [{'id': 1331263314383556609, 'id_str': '1331263314383556609', 'indices': [102, 125], 'media_url': 'http://pbs.twimg.com/ext_tw_video_thumb/1331263314383556609/pu/img/Su41H0oGIvOtE3WU.jpg', 'media_url_https': 'https://pbs.twimg.com/ext_tw_video_thumb/1331263314383556609/pu/img/Su41H0oGIvOtE3WU.jpg', 'url': 'https://t.co/oLUoJ80Org', 'display_url': 'pic.twitter.com/oLUoJ80Org', 'expanded_url': 'https://twitter.com/ColorMoney__/status/1331263651928567808/video/1', 'type': 'photo', 'sizes': {'large': {'w': 882, 'h': 1088, 'resize': 'fit'}, 'thumb': {'w': 150, 'h': 150, 'resize': 'crop'}, 'medium': {'w': 882, 'h': 1088, 'resize': 'fit'}, 'small': {'w': 551, 'h': 680, 'resize': 'fit'}}, 'source_status_id': 1331263651928567808, 'source_status_id_str': '1331263651928567808', 'source_user_id': 3069759968, 'source_user_id_str': '3069759968'}]}",,en
1331734872382124038,2020-11-25 23:01:50,I‚Äôm over over everybody at this point,b'I\xe2\x80\x99m over over everybody at this point',"{'hashtags': [], 'symbols': [], 'user_mentions': [], 'urls': []}",,en
1331720784121827329,2020-11-25 22:05:51,I can‚Äôt wait until tomorrow!!! I can eat all day and nobody can tell me to stop. And i will be spending my fianc√© to get my food üòä,b'I can\xe2\x80\x99t wait until tomorrow!!! I can eat all day and nobody can tell me to stop. And i will be spending my fianc\xc3\xa9 to get my food \xf0\x9f\x98\x8a',"{'hashtags': [], 'symbols': [], 'user_mentions': [], 'urls': []}",,en
1331700365478277123,2020-11-25 20:44:43,Love my mail lady... i came in to get one nail fixed and she saw saw the polish on one finger was messed up and she fixed it,b'Love my mail lady... i came in to get one nail fixed and she saw saw the polish on one finger was messed up and she fixed it',"{'hashtags': [], 'symbols': [], 'user_mentions': [], 'urls': []}",,en
1331699307976814594,2020-11-25 20:40:31,My hair is super long right now and I‚Äôm over it üòí,b'My hair is super long right now and I\xe2\x80\x99m over it \xf0\x9f\x98\x92',"{'hashtags': [], 'symbols': [], 'user_mentions': [], 'urls': []}",,en
1331665839725178888,2020-11-25 18:27:32,I don‚Äôt trust anybody,b'I don\xe2\x80\x99t trust anybody',"{'hashtags': [], 'symbols': [], 'user_mentions': [], 'urls': []}",,en
1331660947459616778,2020-11-25 18:08:05,ü•¥,b'\xf0\x9f\xa5\xb4',"{'hashtags': [], 'symbols': [], 'user_mentions': [], 'urls': []}",,und
1331657754453434368,2020-11-25 17:55:24,To tired and drained to do my hair. Sooooo wet and go it is!,b'To tired and drained to do my hair. Sooooo wet and go it is!',"{'hashtags': [], 'symbols': [], 'user_mentions': [], 'urls': []}",,en
1331455304505188354,2020-11-25 04:30:56,You keep poking and poking you are liable to get hit.,b'You keep poking and poking you are liable to get hit.',"{'hashtags': [], 'symbols': [], 'user_mentions': [], 'urls': []}",,en
1331402384552173569,2020-11-25 01:00:39,Luckily my real nail didn‚Äôt break (at least not yet) so maybe they do a over lay,b'Luckily my real nail didn\xe2\x80\x99t break (at least not yet) so maybe they do a over lay',"{'hashtags': [], 'symbols': [], 'user_mentions': [], 'urls': []}",,en
1331401902920228864,2020-11-25 00:58:44,Nina just made me break a nail. I‚Äôm pissed,b'Nina just made me break a nail. I\xe2\x80\x99m pissed',"{'hashtags': [], 'symbols': [], 'user_mentions': [], 'urls': []}",,en
1331388008071913475,2020-11-25 00:03:31,"Salad 
Spaghetti 
Baked cookies",b'Salad \nSpaghetti \nBaked cookies',"{'hashtags': [], 'symbols': [], 'user_mentions': [], 'urls': []}",,en
1331382649777164290,2020-11-24 23:42:14,Waiting to bake cookies until he get here,b'Waiting to bake cookies until he get here',"{'hashtags': [], 'symbols': [], 'user_mentions': [], 'urls': []}",,en
1331361654391574535,2020-11-24 22:18:48,I‚Äôll get up in 15 min,b'I\xe2\x80\x99ll get up in 15 min',"{'hashtags': [], 'symbols': [], 'user_mentions': [], 'urls': []}",,en
1331358787366768644,2020-11-24 22:07:25,And a salad,b'And a salad',"{'hashtags': [], 'symbols': [], 'user_mentions': [], 'urls': []}",,en
1331358548928958465,2020-11-24 22:06:28,Spaghetti for dinner,b'Spaghetti for dinner',"{'hashtags': [], 'symbols': [], 'user_mentions': [], 'urls': []}",,no
1331348809771782146,2020-11-24 21:27:46,This why i got mine and he got his. https://t.co/tHccdx3ZYD,b'This why i got mine and he got his. https://t.co/tHccdx3ZYD',"{'hashtags': [], 'symbols': [], 'user_mentions': [], 'urls': [{'url': 'https://t.co/tHccdx3ZYD', 'expanded_url': 'https://twitter.com/EastsideTC/status/1331314198417063936', 'display_url': 'twitter.com/EastsideTC/sta‚Ä¶', 'indices': [36, 59]}]}",,en
1331337871811350529,2020-11-24 20:44:18,I got endless gifts in my carts. Still tying to find my mom a gift. I swear she has everything,b'I got endless gifts in my carts. Still tying to find my mom a gift. I swear she has everything',"{'hashtags': [], 'symbols': [], 'user_mentions': [], 'urls': []}",,en
1331337609537351683,2020-11-24 20:43:15,My dude is getting spoiled,b'My dude is getting spoiled',"{'hashtags': [], 'symbols': [], 'user_mentions': [], 'urls': []}",,en
1331304770741661698,2020-11-24 18:32:46,Somebody got a fake page just to watch me ü•¥,b'Somebody got a fake page just to watch me \xf0\x9f\xa5\xb4',"{'hashtags': [], 'symbols': [], 'user_mentions': [], 'urls': []}",,en
1331296174439944192,2020-11-24 17:58:36,I want some chipotle,b'I want some chipotle',"{'hashtags': [], 'symbols': [], 'user_mentions': [], 'urls': []}",,en
1331253698836754432,2020-11-24 15:09:49,@ShakeTheVixen I like i like,b'@ShakeTheVixen I like i like',"{'hashtags': [], 'symbols': [], 'user_mentions': [{'screen_name': 'ShakeTheVixen', 'name': 'ü•Ä', 'id': 58160918, 'id_str': '58160918', 'indices': [0, 14]}], 'urls': []}",,en
1331252710348378115,2020-11-24 15:05:54,"@ShakeTheVixen It‚Äôs coming bestie, I‚Äôm thinking Durango SRT","b'@ShakeTheVixen It\xe2\x80\x99s coming bestie, I\xe2\x80\x99m thinking Durango SRT'","{'hashtags': [], 'symbols': [], 'user_mentions': [{'screen_name': 'ShakeTheVixen', 'name': 'ü•Ä', 'id': 58160918, 'id_str': '58160918', 'indices': [0, 14]}], 'urls': []}",,en
1331252058159259658,2020-11-24 15:03:18,I just want my new truck,b'I just want my new truck',"{'hashtags': [], 'symbols': [], 'user_mentions': [], 'urls': []}",,en
1331243109670334473,2020-11-24 14:27:45,I over slept,b'I over slept',"{'hashtags': [], 'symbols': [], 'user_mentions': [], 'urls': []}",,en
1331040301780242432,2020-11-24 01:01:52,RT @JordanHatesYu: Where tf December come from,b'RT @JordanHatesYu: Where tf December come from',"{'hashtags': [], 'symbols': [], 'user_mentions': [{'screen_name': 'JordanHatesYu', 'name': 'jordan.', 'id': 255318941, 'id_str': '255318941', 'indices': [3, 17]}], 'urls': []}",,en
1331024487651962880,2020-11-23 23:59:01,Ehhhhhh,b'Ehhhhhh',"{'hashtags': [], 'symbols': [], 'user_mentions': [], 'urls': []}",,und
1330977317938716673,2020-11-23 20:51:35,I‚Äôm so ready for thanksgiving. Or maybe I‚Äôm just hungry,b'I\xe2\x80\x99m so ready for thanksgiving. Or maybe I\xe2\x80\x99m just hungry',"{'hashtags': [], 'symbols': [], 'user_mentions': [], 'urls': []}",,en
1330893206544916482,2020-11-23 15:17:21,"This lady at my job clearly sucks at her job, why you sending in orders and not confirming that the company got the order.... ü§¶üèº‚Äç‚ôÄÔ∏è","b'This lady at my job clearly sucks at her job, why you sending in orders and not confirming that the company got the order.... \xf0\x9f\xa4\xa6\xf0\x9f\x8f\xbc\xe2\x80\x8d\xe2\x99\x80\xef\xb8\x8f'","{'hashtags': [], 'symbols': [], 'user_mentions': [], 'urls': []}",,en
1330721345789980676,2020-11-23 03:54:27,I‚Äôm still 120lbs like brah i eat all the time... I‚Äôm confused,b'I\xe2\x80\x99m still 120lbs like brah i eat all the time... I\xe2\x80\x99m confused',"{'hashtags': [], 'symbols': [], 'user_mentions': [], 'urls': []}",,en
1330717581473361921,2020-11-23 03:39:29,"RT @XXL: Lil Baby a young king and that‚Äôs facts üö´üß¢

https://t.co/nktzKwvymT",b'RT @XXL: Lil Baby a young king and that\xe2\x80\x99s facts \xf0\x9f\x9a\xab\xf0\x9f\xa7\xa2\n\nhttps://t.co/nktzKwvymT',"{'hashtags': [], 'symbols': [], 'user_mentions': [{'screen_name': 'XXL', 'name': 'XXL Magazine', 'id': 14629315, 'id_str': '14629315', 'indices': [3, 7]}], 'urls': [{'url': 'https://t.co/nktzKwvymT', 'expanded_url': 'https://twitter.com/opinion8dmecom/status/1330713669429293056/video/1', 'display_url': 'twitter.com/opinion8dmecom‚Ä¶', 'indices': [52, 75]}]}",,en
1330705772360192001,2020-11-23 02:52:34,My son decided he wants to move when i just got comfortable. ü•¥,b'My son decided he wants to move when i just got comfortable. \xf0\x9f\xa5\xb4',"{'hashtags': [], 'symbols': [], 'user_mentions': [], 'urls': []}",,en
1330705559998357504,2020-11-23 02:51:43,Do i wanna do my hair this week? Ehhhhhh,b'Do i wanna do my hair this week? Ehhhhhh',"{'hashtags': [], 'symbols': [], 'user_mentions': [], 'urls': []}",,en
1330698423247532038,2020-11-23 02:23:21,I‚Äôm ready for him to get off work. üòã,b'I\xe2\x80\x99m ready for him to get off work. \xf0\x9f\x98\x8b',"{'hashtags': [], 'symbols': [], 'user_mentions': [], 'urls': []}",,en
1330694697942134785,2020-11-23 02:08:33,To think my ass was going to cook dessert glad i bought him a cheesecake,b'To think my ass was going to cook dessert glad i bought him a cheesecake',"{'hashtags': [], 'symbols': [], 'user_mentions': [], 'urls': []}",,en
1330657130567839745,2020-11-22 23:39:16,"Started dinner, I‚Äôll fry the chicken in a min","b'Started dinner, I\xe2\x80\x99ll fry the chicken in a min'","{'hashtags': [], 'symbols': [], 'user_mentions': [], 'urls': []}",,en
1330606929907945473,2020-11-22 20:19:48,Debating i wanna get my ‚Äúmother in law‚Äù a Christmas gift,b'Debating i wanna get my \xe2\x80\x9cmother in law\xe2\x80\x9d a Christmas gift',"{'hashtags': [], 'symbols': [], 'user_mentions': [], 'urls': []}",,en
1330605705057988612,2020-11-22 20:14:56,Made a list of ppl who are getting gifts from me this year.,b'Made a list of ppl who are getting gifts from me this year.',"{'hashtags': [], 'symbols': [], 'user_mentions': [], 'urls': []}",,en
1330588202147647492,2020-11-22 19:05:23,Might make some cornbread,b'Might make some cornbread',"{'hashtags': [], 'symbols': [], 'user_mentions': [], 'urls': []}",,en
1330587984538767362,2020-11-22 19:04:31,"Fried chicken  
Green beans 
Mash potatoes and cheesecake or cookies for dessert üòã",b'Fried chicken  \nGreen beans \nMash potatoes and cheesecake or cookies for dessert \xf0\x9f\x98\x8b',"{'hashtags': [], 'symbols': [], 'user_mentions': [], 'urls': []}",,en
1330566193225359369,2020-11-22 17:37:55,Nvm i know what I‚Äôm cooking for dinner.,b'Nvm i know what I\xe2\x80\x99m cooking for dinner.',"{'hashtags': [], 'symbols': [], 'user_mentions': [], 'urls': []}",,en
1330560932850888704,2020-11-22 17:17:01,Chicken and shrimp pasta?,b'Chicken and shrimp pasta?',"{'hashtags': [], 'symbols': [], 'user_mentions': [], 'urls': []}",,en
1330560810897334275,2020-11-22 17:16:32,What should i cook for dinner??,b'What should i cook for dinner??',"{'hashtags': [], 'symbols': [], 'user_mentions': [], 'urls': []}",,en
1330526490723831809,2020-11-22 15:00:10,Looking for a new car is hard.,b'Looking for a new car is hard.',"{'hashtags': [], 'symbols': [], 'user_mentions': [], 'urls': []}",,en
1330264238661771265,2020-11-21 21:38:04,So many clothes already.,b'So many clothes already.',"{'hashtags': [], 'symbols': [], 'user_mentions': [], 'urls': []}",,en
1330170756320342020,2020-11-21 15:26:36,Think it‚Äôs time to trade in my baby. We  had some fun but time to get the truck,b'Think it\xe2\x80\x99s time to trade in my baby. We  had some fun but time to get the truck',"{'hashtags': [], 'symbols': [], 'user_mentions': [], 'urls': []}",,en
1329980373196021762,2020-11-21 02:50:05,I can see a major difference in my hair since i started using a satin pillowcase. Less breakage and reduce frizz.,b'I can see a major difference in my hair since i started using a satin pillowcase. Less breakage and reduce frizz.',"{'hashtags': [], 'symbols': [], 'user_mentions': [], 'urls': []}",,en
1329972281641209858,2020-11-21 02:17:56,RT @shondahonda: If you don‚Äôt like/discredit gogo. You can go straight to hell.,b'RT @shondahonda: If you don\xe2\x80\x99t like/discredit gogo. You can go straight to hell.',"{'hashtags': [], 'symbols': [], 'user_mentions': [{'screen_name': 'shondahonda', 'name': 'BlackWomanInTech', 'id': 159736320, 'id_str': '159736320', 'indices': [3, 15]}], 'urls': []}",,en
1329942079066267651,2020-11-21 00:17:55,My hate my fianc√©‚Äôs job. I always gotta worry about him especially because he a police.,b'My hate my fianc\xc3\xa9\xe2\x80\x99s job. I always gotta worry about him especially because he a police.',"{'hashtags': [], 'symbols': [], 'user_mentions': [], 'urls': []}",,en
1329931748474572803,2020-11-20 23:36:52,Credit karma is really trying to get me to get another credit card. Nope! All my cards are paid off,b'Credit karma is really trying to get me to get another credit card. Nope! All my cards are paid off',"{'hashtags': [], 'symbols': [], 'user_mentions': [], 'urls': []}",,en
1329843377014247425,2020-11-20 17:45:43,Waiting.....,b'Waiting.....',"{'hashtags': [], 'symbols': [], 'user_mentions': [], 'urls': []}",,en
1329780268429942785,2020-11-20 13:34:56,"It‚Äôs finally Friday YAHHHH

Noooooo we got bills coming out today",b'It\xe2\x80\x99s finally Friday YAHHHH\n\nNoooooo we got bills coming out today',"{'hashtags': [], 'symbols': [], 'user_mentions': [], 'urls': []}",,en
1329631936545898498,2020-11-20 03:45:31,MILFü•õ https://t.co/hKphlNkICX,b'MILF\xf0\x9f\xa5\x9b https://t.co/hKphlNkICX',"{'hashtags': [], 'symbols': [], 'user_mentions': [], 'urls': [], 'media': [{'id': 1329631933593231363, 'id_str': '1329631933593231363', 'indices': [6, 29], 'media_url': 'http://pbs.twimg.com/media/EnPNMuvXIAM8-ow.jpg', 'media_url_https': 'https://pbs.twimg.com/media/EnPNMuvXIAM8-ow.jpg', 'url': 'https://t.co/hKphlNkICX', 'display_url': 'pic.twitter.com/hKphlNkICX', 'expanded_url': 'https://twitter.com/nyabianca21/status/1329631936545898498/photo/1', 'type': 'photo', 'sizes': {'thumb': {'w': 150, 'h': 150, 'resize': 'crop'}, 'small': {'w': 360, 'h': 680, 'resize': 'fit'}, 'large': {'w': 950, 'h': 1792, 'resize': 'fit'}, 'medium': {'w': 636, 'h': 1200, 'resize': 'fit'}}}]}",,en
1329626803544133632,2020-11-20 03:25:07,RT @ShakeTheVixen: Take y‚Äôall weird none talking asses back to ig‚úåüèæ,b'RT @ShakeTheVixen: Take y\xe2\x80\x99all weird none talking asses back to ig\xe2\x9c\x8c\xf0\x9f\x8f\xbe',"{'hashtags': [], 'symbols': [], 'user_mentions': [{'screen_name': 'ShakeTheVixen', 'name': 'ü•Ä', 'id': 58160918, 'id_str': '58160918', 'indices': [3, 17]}], 'urls': []}",,en
1329625922882957317,2020-11-20 03:21:37,My name is spoken on so much and i think it‚Äôs funny. Go drink some water and mind ya business.,b'My name is spoken on so much and i think it\xe2\x80\x99s funny. Go drink some water and mind ya business.',"{'hashtags': [], 'symbols': [], 'user_mentions': [], 'urls': []}",,en
1329621514866528263,2020-11-20 03:04:06,RT @HolaEZITO: Fat Gucci and Clone Gucci fighting for control like the Nutty Professor,b'RT @HolaEZITO: Fat Gucci and Clone Gucci fighting for control like the Nutty Professor',"{'hashtags': [], 'symbols': [], 'user_mentions': [{'screen_name': 'HolaEZITO', 'name': 'Blackmon üá≥üá¨', 'id': 16915906, 'id_str': '16915906', 'indices': [3, 13]}], 'urls': []}",,en
1329578646256963588,2020-11-20 00:13:46,RT @Ahmadrashad__: - Can‚Äôt Wait To Do This https://t.co/3HPJN0sfLf,b'RT @Ahmadrashad__: - Can\xe2\x80\x99t Wait To Do This https://t.co/3HPJN0sfLf',"{'hashtags': [], 'symbols': [], 'user_mentions': [{'screen_name': 'Ahmadrashad__', 'name': '- PATRONE üëºüèæ', 'id': 1213259107722940416, 'id_str': '1213259107722940416', 'indices': [3, 17]}], 'urls': [], 'media': [{'id': 1329240199730262021, 'id_str': '1329240199730262021', 'indices': [43, 66], 'media_url': 'http://pbs.twimg.com/media/EnJo60YXcAUVVJ_.jpg', 'media_url_https': 'https://pbs.twimg.com/media/EnJo60YXcAUVVJ_.jpg', 'url': 'https://t.co/3HPJN0sfLf', 'display_url': 'pic.twitter.com/3HPJN0sfLf', 'expanded_url': 'https://twitter.com/Ahmadrashad__/status/1329240202603327488/photo/1', 'type': 'photo', 'sizes': {'thumb': {'w': 150, 'h': 150, 'resize': 'crop'}, 'medium': {'w': 546, 'h': 1080, 'resize': 'fit'}, 'small': {'w': 344, 'h': 680, 'resize': 'fit'}, 'large': {'w': 546, 'h': 1080, 'resize': 'fit'}}, 'source_status_id': 1329240202603327488, 'source_status_id_str': '1329240202603327488', 'source_user_id': 1213259107722940416, 'source_user_id_str': '1213259107722940416'}]}",,en
1329522805445185543,2020-11-19 20:31:52,@asjaaaaa_ Don‚Äôt plan on it.,b'@asjaaaaa_ Don\xe2\x80\x99t plan on it.',"{'hashtags': [], 'symbols': [], 'user_mentions': [{'screen_name': 'asjaaaaa_', 'name': 'Aa.', 'id': 2740832331, 'id_str': '2740832331', 'indices': [0, 10]}], 'urls': []}",,en
1329460651694166018,2020-11-19 16:24:54,RT @asjaaaaa_: if i ask you to do something and its a problem dont ever ask me for shit,b'RT @asjaaaaa_: if i ask you to do something and its a problem dont ever ask me for shit',"{'hashtags': [], 'symbols': [], 'user_mentions': [{'screen_name': 'asjaaaaa_', 'name': 'Aa.', 'id': 2740832331, 'id_str': '2740832331', 'indices': [3, 13]}], 'urls': []}",,en
1329424871084929031,2020-11-19 14:02:43,https://t.co/qGnsznsEoR,b'https://t.co/qGnsznsEoR',"{'hashtags': [], 'symbols': [], 'user_mentions': [], 'urls': [], 'media': [{'id': 1329424820996632577, 'id_str': '1329424820996632577', 'indices': [0, 23], 'media_url': 'http://pbs.twimg.com/media/EnMQ1MMXcAECeFJ.jpg', 'media_url_https': 'https://pbs.twimg.com/media/EnMQ1MMXcAECeFJ.jpg', 'url': 'https://t.co/qGnsznsEoR', 'display_url': 'pic.twitter.com/qGnsznsEoR', 'expanded_url': 'https://twitter.com/nyabianca21/status/1329424871084929031/photo/1', 'type': 'photo', 'sizes': {'thumb': {'w': 150, 'h': 150, 'resize': 'crop'}, 'small': {'w': 314, 'h': 680, 'resize': 'fit'}, 'medium': {'w': 554, 'h': 1200, 'resize': 'fit'}, 'large': {'w': 828, 'h': 1792, 'resize': 'fit'}}}]}",,und
1329406229131759617,2020-11-19 12:48:38,Why do i get woken up by dogs barking omggggg,b'Why do i get woken up by dogs barking omggggg',"{'hashtags': [], 'symbols': [], 'user_mentions': [], 'urls': []}",,en
1329295451909201923,2020-11-19 05:28:27,I hate waking up in the middle of my sleep. Now i have to pee and I‚Äôm hungry again. ü§¶üèº‚Äç‚ôÄÔ∏è,b'I hate waking up in the middle of my sleep. Now i have to pee and I\xe2\x80\x99m hungry again. \xf0\x9f\xa4\xa6\xf0\x9f\x8f\xbc\xe2\x80\x8d\xe2\x99\x80\xef\xb8\x8f',"{'hashtags': [], 'symbols': [], 'user_mentions': [], 'urls': []}",,en
1329292966188503040,2020-11-19 05:18:34,He really just woke me up for no reason,b'He really just woke me up for no reason',"{'hashtags': [], 'symbols': [], 'user_mentions': [], 'urls': []}",,en
1329133773364080640,2020-11-18 18:46:00,RT @nolabortory: Ms. Lyles English class was harder than any English class I took in college,b'RT @nolabortory: Ms. Lyles English class was harder than any English class I took in college',"{'hashtags': [], 'symbols': [], 'user_mentions': [{'screen_name': 'nolabortory', 'name': 'no good', 'id': 307158262, 'id_str': '307158262', 'indices': [3, 15]}], 'urls': []}",,en
1329052302041362434,2020-11-18 13:22:16,Nina mad cause she couldn‚Äôt sleep with me last night. Well you shouldn‚Äôt have ate a chicken bone,b'Nina mad cause she couldn\xe2\x80\x99t sleep with me last night. Well you shouldn\xe2\x80\x99t have ate a chicken bone',"{'hashtags': [], 'symbols': [], 'user_mentions': [], 'urls': []}",,en
1328859619633074178,2020-11-18 00:36:36,https://t.co/G1vXvlhm74,b'https://t.co/G1vXvlhm74',"{'hashtags': [], 'symbols': [], 'user_mentions': [], 'urls': [], 'media': [{'id': 1328859616395096064, 'id_str': '1328859616395096064', 'indices': [0, 23], 'media_url': 'http://pbs.twimg.com/media/EnEOx8-XcAAXJ5R.jpg', 'media_url_https': 'https://pbs.twimg.com/media/EnEOx8-XcAAXJ5R.jpg', 'url': 'https://t.co/G1vXvlhm74', 'display_url': 'pic.twitter.com/G1vXvlhm74', 'expanded_url': 'https://twitter.com/nyabianca21/status/1328859619633074178/photo/1', 'type': 'photo', 'sizes': {'large': {'w': 828, 'h': 1792, 'resize': 'fit'}, 'thumb': {'w': 150, 'h': 150, 'resize': 'crop'}, 'small': {'w': 314, 'h': 680, 'resize': 'fit'}, 'medium': {'w': 554, 'h': 1200, 'resize': 'fit'}}}]}",,und
1328704100305920001,2020-11-17 14:18:38,You can‚Äôt play no playaaaaaa,b'You can\xe2\x80\x99t play no playaaaaaa',"{'hashtags': [], 'symbols': [], 'user_mentions': [], 'urls': []}",,en
1328695484274315266,2020-11-17 13:44:24,Let me get üÜô,b'Let me get \xf0\x9f\x86\x99',"{'hashtags': [], 'symbols': [], 'user_mentions': [], 'urls': []}",,en
1328417693259722752,2020-11-16 19:20:33,"I hate when k tell somebody I‚Äôll will be there to pick them up a certain time and when i say ‚ÄúI‚Äôm here‚Äù mf be outside. I shouldn‚Äôt be waiting on you! 
 This is why i do everything alone",b'I hate when k tell somebody I\xe2\x80\x99ll will be there to pick them up a certain time and when i say \xe2\x80\x9cI\xe2\x80\x99m here\xe2\x80\x9d mf be outside. I shouldn\xe2\x80\x99t be waiting on you! \n This is why i do everything alone',"{'hashtags': [], 'symbols': [], 'user_mentions': [], 'urls': []}",,en
1328324918937784325,2020-11-16 13:11:54,Woke up Nina still in the bed,b'Woke up Nina still in the bed',"{'hashtags': [], 'symbols': [], 'user_mentions': [], 'urls': []}",,en
1328154126363013122,2020-11-16 01:53:14,Nina hasn‚Äôt been in her crate all day and hasn‚Äôt had an accident in the house all day.... thank god,b'Nina hasn\xe2\x80\x99t been in her crate all day and hasn\xe2\x80\x99t had an accident in the house all day.... thank god',"{'hashtags': [], 'symbols': [], 'user_mentions': [], 'urls': []}",,en
1328097136857264129,2020-11-15 22:06:46,It will be fixed on Wednesday. I‚Äôm not a janky female who walks around with nails missing.NOPE,b'It will be fixed on Wednesday. I\xe2\x80\x99m not a janky female who walks around with nails missing.NOPE',"{'hashtags': [], 'symbols': [], 'user_mentions': [], 'urls': []}",,en
1328092778165903360,2020-11-15 21:49:27,I‚Äôm annoyed,b'I\xe2\x80\x99m annoyed',"{'hashtags': [], 'symbols': [], 'user_mentions': [], 'urls': []}",,en
1328091782706507776,2020-11-15 21:45:30,Just broke my MF nail,b'Just broke my MF nail',"{'hashtags': [], 'symbols': [], 'user_mentions': [], 'urls': []}",,en
1328024108593012743,2020-11-15 17:16:35,And my hair texture has changed over the past four months,b'And my hair texture has changed over the past four months',"{'hashtags': [], 'symbols': [], 'user_mentions': [], 'urls': []}",,en
1328023968645787651,2020-11-15 17:16:02,Idc if my hair looks crazy today I‚Äôm growing a life,b'Idc if my hair looks crazy today I\xe2\x80\x99m growing a life',"{'hashtags': [], 'symbols': [], 'user_mentions': [], 'urls': []}",,en
1328002448032739328,2020-11-15 15:50:31,RT @ohhwelll_: i have never seen someone word it this wonderfully. https://t.co/6AbrHCc7oS,b'RT @ohhwelll_: i have never seen someone word it this wonderfully. https://t.co/6AbrHCc7oS',"{'hashtags': [], 'symbols': [], 'user_mentions': [{'screen_name': 'ohhwelll_', 'name': 'Venus', 'id': 1234269847590141954, 'id_str': '1234269847590141954', 'indices': [3, 13]}], 'urls': [], 'media': [{'id': 1327318208819437568, 'id_str': '1327318208819437568', 'indices': [67, 90], 'media_url': 'http://pbs.twimg.com/ext_tw_video_thumb/1327318208819437568/pu/img/9rNCaGyB4JHGGIrw.jpg', 'media_url_https': 'https://pbs.twimg.com/ext_tw_video_thumb/1327318208819437568/pu/img/9rNCaGyB4JHGGIrw.jpg', 'url': 'https://t.co/6AbrHCc7oS', 'display_url': 'pic.twitter.com/6AbrHCc7oS', 'expanded_url': 'https://twitter.com/ohhwelll_/status/1327318267946541056/video/1', 'type': 'photo', 'sizes': {'thumb': {'w': 150, 'h': 150, 'resize': 'crop'}, 'small': {'w': 383, 'h': 680, 'resize': 'fit'}, 'large': {'w': 576, 'h': 1024, 'resize': 'fit'}, 'medium': {'w': 576, 'h': 1024, 'resize': 'fit'}}, 'source_status_id': 1327318267946541056, 'source_status_id_str': '1327318267946541056', 'source_user_id': 1234269847590141954, 'source_user_id_str': '1234269847590141954'}]}",,en
1327814307070025729,2020-11-15 03:22:55,I‚Äôm 18 weeks and still haven‚Äôt gained a pound. I‚Äôm still 120 pounds ü§¶üèº‚Äç‚ôÄÔ∏è,b'I\xe2\x80\x99m 18 weeks and still haven\xe2\x80\x99t gained a pound. I\xe2\x80\x99m still 120 pounds \xf0\x9f\xa4\xa6\xf0\x9f\x8f\xbc\xe2\x80\x8d\xe2\x99\x80\xef\xb8\x8f',"{'hashtags': [], 'symbols': [], 'user_mentions': [], 'urls': []}",,en
1327644341645479937,2020-11-14 16:07:32,Let me get my butt up and head down the road,b'Let me get my butt up and head down the road',"{'hashtags': [], 'symbols': [], 'user_mentions': [], 'urls': []}",,en
1327610413672968195,2020-11-14 13:52:43,Why would Nina wake me up.,b'Why would Nina wake me up.',"{'hashtags': [], 'symbols': [], 'user_mentions': [], 'urls': []}",,en
1327460460455751682,2020-11-14 03:56:51,Indigestion and heart burn are the worse,b'Indigestion and heart burn are the worse',"{'hashtags': [], 'symbols': [], 'user_mentions': [], 'urls': []}",,en
1327444129446588418,2020-11-14 02:51:57,üòÇüòÇ it is doe https://t.co/sLQ39WuQjT,b'\xf0\x9f\x98\x82\xf0\x9f\x98\x82 it is doe https://t.co/sLQ39WuQjT',"{'hashtags': [], 'symbols': [], 'user_mentions': [], 'urls': [{'url': 'https://t.co/sLQ39WuQjT', 'expanded_url': 'https://twitter.com/ShakeTheVixen/status/1327426601538170881', 'display_url': 'twitter.com/ShakeTheVixen/‚Ä¶', 'indices': [13, 36]}]}",,en
1327414645158801409,2020-11-14 00:54:48,"Let somebody upset or disrespect my nail tech, I‚Äôm going off!!! She‚Äôs been doing my nails for 7 years she‚Äôs like my family.","b'Let somebody upset or disrespect my nail tech, I\xe2\x80\x99m going off!!! She\xe2\x80\x99s been doing my nails for 7 years she\xe2\x80\x99s like my family.'","{'hashtags': [], 'symbols': [], 'user_mentions': [], 'urls': []}",,en
1327414093607743488,2020-11-14 00:52:36,I hate seeing a client be rude to the professional. Especially if they don‚Äôt barely speak English,b'I hate seeing a client be rude to the professional. Especially if they don\xe2\x80\x99t barely speak English',"{'hashtags': [], 'symbols': [], 'user_mentions': [], 'urls': []}",,en
1327363401421643778,2020-11-13 21:31:10,My gray hair is really coming in like whyyyyy,b'My gray hair is really coming in like whyyyyy',"{'hashtags': [], 'symbols': [], 'user_mentions': [], 'urls': []}",,en
1327315807119040515,2020-11-13 18:22:03,If my dude didn‚Äôt lose my laptop i could go my work over the weekend.,b'If my dude didn\xe2\x80\x99t lose my laptop i could go my work over the weekend.',"{'hashtags': [], 'symbols': [], 'user_mentions': [], 'urls': []}",,en
1327291986852900864,2020-11-13 16:47:24,Kinda craving some nu vegan.,b'Kinda craving some nu vegan.',"{'hashtags': [], 'symbols': [], 'user_mentions': [], 'urls': []}",,en
1327265169022590976,2020-11-13 15:00:50,Carter‚Äôs is having the early bird Black Friday sale.,b'Carter\xe2\x80\x99s is having the early bird Black Friday sale.',"{'hashtags': [], 'symbols': [], 'user_mentions': [], 'urls': []}",,en
1327261962284244999,2020-11-13 14:48:05,Debating how i wanna get my nails done. Do i want to cut them down or leave them long? Do i want French or regular color? Idk I‚Äôm lost,b'Debating how i wanna get my nails done. Do i want to cut them down or leave them long? Do i want French or regular color? Idk I\xe2\x80\x99m lost',"{'hashtags': [], 'symbols': [], 'user_mentions': [], 'urls': []}",,en
1327241990392700928,2020-11-13 13:28:44,"Today is Friday the 13th, 2020 
Let me get the Sage out","b'Today is Friday the 13th, 2020 \nLet me get the Sage out'","{'hashtags': [], 'symbols': [], 'user_mentions': [], 'urls': []}",,en
1327235675951919105,2020-11-13 13:03:38,Go ahead and not show me attention.... somebody else is dying to spoil me ü§´,b'Go ahead and not show me attention.... somebody else is dying to spoil me \xf0\x9f\xa4\xab',"{'hashtags': [], 'symbols': [], 'user_mentions': [], 'urls': []}",,en
1327044971204124673,2020-11-13 00:25:51,Nina just tore up a $50 Victoria secrets bra like I‚Äôm done with her,b'Nina just tore up a $50 Victoria secrets bra like I\xe2\x80\x99m done with her',"{'hashtags': [], 'symbols': [], 'user_mentions': [], 'urls': []}",,en
1327018325818417152,2020-11-12 22:39:58,"Im just ready for it to be Monday, yes i said Monday, i get to see my baby boy ü•∞ü•∞ü•∞","b'Im just ready for it to be Monday, yes i said Monday, i get to see my baby boy \xf0\x9f\xa5\xb0\xf0\x9f\xa5\xb0\xf0\x9f\xa5\xb0'","{'hashtags': [], 'symbols': [], 'user_mentions': [], 'urls': []}",,en
1326884071465750528,2020-11-12 13:46:29,My son is really giving me heartburn this morning. Like relaxxxxx,b'My son is really giving me heartburn this morning. Like relaxxxxx',"{'hashtags': [], 'symbols': [], 'user_mentions': [], 'urls': []}",,en
1326876686193975296,2020-11-12 13:17:08,I need to get a protein treatment this weekend.,b'I need to get a protein treatment this weekend.',"{'hashtags': [], 'symbols': [], 'user_mentions': [], 'urls': []}",,en
1326722903023480832,2020-11-12 03:06:04,My head hurts so bad i don‚Äôt want to go to bed.,b'My head hurts so bad i don\xe2\x80\x99t want to go to bed.',"{'hashtags': [], 'symbols': [], 'user_mentions': [], 'urls': []}",,en
1326719424100003841,2020-11-12 02:52:14,I want some beet chips,b'I want some beet chips',"{'hashtags': [], 'symbols': [], 'user_mentions': [], 'urls': []}",,en
1326688197993238533,2020-11-12 00:48:09,RT @_deardiaryyy: My question is....... how is this a surprise to you as the mayor? Did you not canvas the neighborhood? Did you not meet w‚Ä¶,b'RT @_deardiaryyy: My question is....... how is this a surprise to you as the mayor? Did you not canvas the neighborhood? Did you not meet w\xe2\x80\xa6',"{'hashtags': [], 'symbols': [], 'user_mentions': [{'screen_name': '_deardiaryyy', 'name': 'Rachel no Dolezal', 'id': 128616504, 'id_str': '128616504', 'indices': [3, 16]}], 'urls': []}",,en
1326681420304179200,2020-11-12 00:21:13,Let me get my $3.50 back sheesh,b'Let me get my $3.50 back sheesh',"{'hashtags': [], 'symbols': [], 'user_mentions': [], 'urls': []}",,en
1326681355019833346,2020-11-12 00:20:58,Chipotle forgot my apple juice. Like dangggggg,b'Chipotle forgot my apple juice. Like dangggggg',"{'hashtags': [], 'symbols': [], 'user_mentions': [], 'urls': []}",,en
1326651015693815809,2020-11-11 22:20:24,When you live wayyyyy in Upper Marlboro you have to order door dash or uber eats early! Or you have to cook dinner,b'When you live wayyyyy in Upper Marlboro you have to order door dash or uber eats early! Or you have to cook dinner',"{'hashtags': [], 'symbols': [], 'user_mentions': [], 'urls': []}",,en
1326570552715251714,2020-11-11 17:00:40,My mom just bought me like 3 baby books üò´,b'My mom just bought me like 3 baby books \xf0\x9f\x98\xab',"{'hashtags': [], 'symbols': [], 'user_mentions': [], 'urls': []}",,en
1326556524794290176,2020-11-11 16:04:56,He‚Äôs going to learn today,b'He\xe2\x80\x99s going to learn today',"{'hashtags': [], 'symbols': [], 'user_mentions': [], 'urls': []}",,en
1326370579667103744,2020-11-11 03:46:03,My mom just happen to have a maternity pillow i needed so bad,b'My mom just happen to have a maternity pillow i needed so bad',"{'hashtags': [], 'symbols': [], 'user_mentions': [], 'urls': []}",,en
1326273255976611846,2020-11-10 21:19:19,"RT @nostuntintended: Shop Now üíï
Vegan | Cruelty Free
https://t.co/I0ba5ZAXvP https://t.co/uyQ4fx8ojt",b'RT @nostuntintended: Shop Now \xf0\x9f\x92\x95\nVegan | Cruelty Free\nhttps://t.co/I0ba5ZAXvP https://t.co/uyQ4fx8ojt',"{'hashtags': [], 'symbols': [], 'user_mentions': [{'screen_name': 'nostuntintended', 'name': 'SNOBISH COSMETICS', 'id': 1184895176428457995, 'id_str': '1184895176428457995', 'indices': [3, 19]}], 'urls': [{'url': 'https://t.co/I0ba5ZAXvP', 'expanded_url': 'http://www.snobishcosmetics.com', 'display_url': 'snobishcosmetics.com', 'indices': [53, 76]}], 'media': [{'id': 1326191517590052870, 'id_str': '1326191517590052870', 'indices': [77, 100], 'media_url': 'http://pbs.twimg.com/media/EmeUKKYXYAYPtAO.jpg', 'media_url_https': 'https://pbs.twimg.com/media/EmeUKKYXYAYPtAO.jpg', 'url': 'https://t.co/uyQ4fx8ojt', 'display_url': 'pic.twitter.com/uyQ4fx8ojt', 'expanded_url': 'https://twitter.com/nostuntintended/status/1326191728852865027/photo/1', 'type': 'photo', 'sizes': {'large': {'w': 1125, 'h': 1985, 'resize': 'fit'}, 'thumb': {'w': 150, 'h': 150, 'resize': 'crop'}, 'medium': {'w': 680, 'h': 1200, 'resize': 'fit'}, 'small': {'w': 385, 'h': 680, 'resize': 'fit'}}, 'source_status_id': 1326191728852865027, 'source_status_id_str': '1326191728852865027', 'source_user_id': 1184895176428457995, 'source_user_id_str': '1184895176428457995'}]}",,en
1326272899594903553,2020-11-10 21:17:54,@asjaaaaa_ BET,b'@asjaaaaa_ BET',"{'hashtags': [], 'symbols': [], 'user_mentions': [{'screen_name': 'asjaaaaa_', 'name': 'Aa.', 'id': 2740832331, 'id_str': '2740832331', 'indices': [0, 10]}], 'urls': []}",,und
1326222908352585728,2020-11-10 17:59:16,I need a good breast pump. Any suggestions?,b'I need a good breast pump. Any suggestions?',"{'hashtags': [], 'symbols': [], 'user_mentions': [], 'urls': []}",,en
1325986425729409025,2020-11-10 02:19:34,Why would i order satin pillow cases but i need new pillows,b'Why would i order satin pillow cases but i need new pillows',"{'hashtags': [], 'symbols': [], 'user_mentions': [], 'urls': []}",,en
1325986081175724032,2020-11-10 02:18:12,I‚Äôm becoming an Amazon addict ü§¶üèº‚Äç‚ôÄÔ∏è,b'I\xe2\x80\x99m becoming an Amazon addict \xf0\x9f\xa4\xa6\xf0\x9f\x8f\xbc\xe2\x80\x8d\xe2\x99\x80\xef\xb8\x8f',"{'hashtags': [], 'symbols': [], 'user_mentions': [], 'urls': []}",,en
1325949308483592193,2020-11-09 23:52:04,I just want to eat my hibachi and sleep,b'I just want to eat my hibachi and sleep',"{'hashtags': [], 'symbols': [], 'user_mentions': [], 'urls': []}",,en
1325946216274866179,2020-11-09 23:39:47,These ligament cramps I‚Äôm having right now hurt so bad üò¢,b'These ligament cramps I\xe2\x80\x99m having right now hurt so bad \xf0\x9f\x98\xa2',"{'hashtags': [], 'symbols': [], 'user_mentions': [], 'urls': []}",,en
1325946009076330498,2020-11-09 23:38:58,@asjaaaaa_ @kaaytiara lol ohhh tayyyyyyyy,b'@asjaaaaa_ @kaaytiara lol ohhh tayyyyyyyy',"{'hashtags': [], 'symbols': [], 'user_mentions': [{'screen_name': 'asjaaaaa_', 'name': 'Aa.', 'id': 2740832331, 'id_str': '2740832331', 'indices': [0, 10]}, {'screen_name': 'kaaytiara', 'name': 'luv k', 'id': 353711421, 'id_str': '353711421', 'indices': [11, 21]}], 'urls': []}",,en
1325938645862375425,2020-11-09 23:09:42,@asjaaaaa_ üëÄ,b'@asjaaaaa_ \xf0\x9f\x91\x80',"{'hashtags': [], 'symbols': [], 'user_mentions': [{'screen_name': 'asjaaaaa_', 'name': 'Aa.', 'id': 2740832331, 'id_str': '2740832331', 'indices': [0, 10]}], 'urls': []}",,und
1325894263062884352,2020-11-09 20:13:20,So Maryland is going back to stage one starting November 12th??? Sheesh,b'So Maryland is going back to stage one starting November 12th??? Sheesh',"{'hashtags': [], 'symbols': [], 'user_mentions': [], 'urls': []}",,en
1325724885704986630,2020-11-09 09:00:18,https://t.co/MzqKurEtQF,b'https://t.co/MzqKurEtQF',"{'hashtags': [], 'symbols': [], 'user_mentions': [], 'urls': [], 'media': [{'id': 1325724882068508672, 'id_str': '1325724882068508672', 'indices': [0, 23], 'media_url': 'http://pbs.twimg.com/media/EmXrwZmXEAA3Eyi.jpg', 'media_url_https': 'https://pbs.twimg.com/media/EmXrwZmXEAA3Eyi.jpg', 'url': 'https://t.co/MzqKurEtQF', 'display_url': 'pic.twitter.com/MzqKurEtQF', 'expanded_url': 'https://twitter.com/nyabianca21/status/1325724885704986630/photo/1', 'type': 'photo', 'sizes': {'large': {'w': 2048, 'h': 2048, 'resize': 'fit'}, 'thumb': {'w': 150, 'h': 150, 'resize': 'crop'}, 'small': {'w': 680, 'h': 680, 'resize': 'fit'}, 'medium': {'w': 1200, 'h': 1200, 'resize': 'fit'}}}]}",,und
1325582914952835078,2020-11-08 23:36:09,Nothing hurts more then feeling like your not wanted.,b'Nothing hurts more then feeling like your not wanted.',"{'hashtags': [], 'symbols': [], 'user_mentions': [], 'urls': []}",,en
1325521697198514177,2020-11-08 19:32:54,Fried chicken or fried fish??,b'Fried chicken or fried fish??',"{'hashtags': [], 'symbols': [], 'user_mentions': [], 'urls': []}",,en
1325285068802158592,2020-11-08 03:52:37,Nina either had a long day or she had my pregnancy symptoms.,b'Nina either had a long day or she had my pregnancy symptoms.',"{'hashtags': [], 'symbols': [], 'user_mentions': [], 'urls': []}",,en
1325258588135317504,2020-11-08 02:07:24,"RT @XXL: Kamala Harris walks out to Mary J. Blige for her first speech as Vice President-elect  ‚úä
https://t.co/L46bim7cra",b'RT @XXL: Kamala Harris walks out to Mary J. Blige for her first speech as Vice President-elect  \xe2\x9c\x8a\nhttps://t.co/L46bim7cra',"{'hashtags': [], 'symbols': [], 'user_mentions': [{'screen_name': 'XXL', 'name': 'XXL Magazine', 'id': 14629315, 'id_str': '14629315', 'indices': [3, 7]}], 'urls': [], 'media': [{'id': 1325248837007466496, 'id_str': '1325248837007466496', 'indices': [98, 121], 'media_url': 'http://pbs.twimg.com/amplify_video_thumb/1325248837007466496/img/3tD6dCVEF1iG0FUk.jpg', 'media_url_https': 'https://pbs.twimg.com/amplify_video_thumb/1325248837007466496/img/3tD6dCVEF1iG0FUk.jpg', 'url': 'https://t.co/L46bim7cra', 'display_url': 'pic.twitter.com/L46bim7cra', 'expanded_url': 'https://twitter.com/GMA/status/1325249052603244544/video/1', 'type': 'photo', 'sizes': {'thumb': {'w': 150, 'h': 150, 'resize': 'crop'}, 'medium': {'w': 1200, 'h': 675, 'resize': 'fit'}, 'small': {'w': 680, 'h': 383, 'resize': 'fit'}, 'large': {'w': 1280, 'h': 720, 'resize': 'fit'}}, 'source_status_id': 1325249052603244544, 'source_status_id_str': '1325249052603244544', 'source_user_id': 22650211, 'source_user_id_str': '22650211'}]}",,en
1325172283166482434,2020-11-07 20:24:27,RT @Ama_A_Asmah: It seems #BidenHarris supporters are making the Village People‚Äôs ‚ÄúY.M.C.A. (a song Trump played often at rallies) their un‚Ä¶,b'RT @Ama_A_Asmah: It seems #BidenHarris supporters are making the Village People\xe2\x80\x99s \xe2\x80\x9cY.M.C.A. (a song Trump played often at rallies) their un\xe2\x80\xa6',"{'hashtags': [{'text': 'BidenHarris', 'indices': [26, 38]}], 'symbols': [], 'user_mentions': [{'screen_name': 'Ama_A_Asmah', 'name': 'Ama Arthur-Asmah', 'id': 1393062871, 'id_str': '1393062871', 'indices': [3, 15]}], 'urls': []}",,en
1324872327700557827,2020-11-07 00:32:32,RT @nostuntintended: Everyone grieves differently. Learn to respect people‚Äôs grief process!,b'RT @nostuntintended: Everyone grieves differently. Learn to respect people\xe2\x80\x99s grief process!',"{'hashtags': [], 'symbols': [], 'user_mentions': [{'screen_name': 'nostuntintended', 'name': 'SNOBISH COSMETICS', 'id': 1184895176428457995, 'id_str': '1184895176428457995', 'indices': [3, 19]}], 'urls': []}",,en
1324728801239179265,2020-11-06 15:02:13,@asjaaaaa_ That‚Äôs where I‚Äôm going when i get off and doing a pick up order,b'@asjaaaaa_ That\xe2\x80\x99s where I\xe2\x80\x99m going when i get off and doing a pick up order',"{'hashtags': [], 'symbols': [], 'user_mentions': [{'screen_name': 'asjaaaaa_', 'name': 'Aa.', 'id': 2740832331, 'id_str': '2740832331', 'indices': [0, 10]}], 'urls': []}",,en
1324728267757203461,2020-11-06 15:00:05,"@asjaaaaa_ I gotta go get some, my belly sit low","b'@asjaaaaa_ I gotta go get some, my belly sit low'","{'hashtags': [], 'symbols': [], 'user_mentions': [{'screen_name': 'asjaaaaa_', 'name': 'Aa.', 'id': 2740832331, 'id_str': '2740832331', 'indices': [0, 10]}], 'urls': []}",,en
1324723340888711168,2020-11-06 14:40:31,Soooooo i need a maternity band for my jeans I‚Äôm all belly.,b'Soooooo i need a maternity band for my jeans I\xe2\x80\x99m all belly.',"{'hashtags': [], 'symbols': [], 'user_mentions': [], 'urls': []}",,en
1324524518598168576,2020-11-06 01:30:28,RT @KyEngineerin: Trump goin out sad. They interrupted him to say he‚Äôs lying. üòÇüòÇ I‚Äôm dead!!!!  https://t.co/chZIzWG7rU,b'RT @KyEngineerin: Trump goin out sad. They interrupted him to say he\xe2\x80\x99s lying. \xf0\x9f\x98\x82\xf0\x9f\x98\x82 I\xe2\x80\x99m dead!!!!  https://t.co/chZIzWG7rU',"{'hashtags': [], 'symbols': [], 'user_mentions': [{'screen_name': 'KyEngineerin', 'name': 'Hussle & Motivate', 'id': 39714436, 'id_str': '39714436', 'indices': [3, 16]}], 'urls': [], 'media': [{'id': 1324501787915755521, 'id_str': '1324501787915755521', 'indices': [95, 118], 'media_url': 'http://pbs.twimg.com/ext_tw_video_thumb/1324501787915755521/pu/img/A_bAIpuSjRR2G_li.jpg', 'media_url_https': 'https://pbs.twimg.com/ext_tw_video_thumb/1324501787915755521/pu/img/A_bAIpuSjRR2G_li.jpg', 'url': 'https://t.co/chZIzWG7rU', 'display_url': 'pic.twitter.com/chZIzWG7rU', 'expanded_url': 'https://twitter.com/PhotosByBeanz/status/1324501845260279815/video/1', 'type': 'photo', 'sizes': {'thumb': {'w': 150, 'h': 150, 'resize': 'crop'}, 'medium': {'w': 1200, 'h': 675, 'resize': 'fit'}, 'small': {'w': 680, 'h': 383, 'resize': 'fit'}, 'large': {'w': 1280, 'h': 720, 'resize': 'fit'}}, 'source_status_id': 1324501845260279815, 'source_status_id_str': '1324501845260279815', 'source_user_id': 21748745, 'source_user_id_str': '21748745'}]}",,en
1324508441067606016,2020-11-06 00:26:35,RT @AriTheDon: I don‚Äôt want that quiet sex I want that slut talk.,b'RT @AriTheDon: I don\xe2\x80\x99t want that quiet sex I want that slut talk.',"{'hashtags': [], 'symbols': [], 'user_mentions': [{'screen_name': 'AriTheDon', 'name': 'KYLESISTER', 'id': 1095786885685882880, 'id_str': '1095786885685882880', 'indices': [3, 13]}], 'urls': []}",,en
1324352476867399682,2020-11-05 14:06:50,Then Nina pissy lala this morning,b'Then Nina pissy lala this morning',"{'hashtags': [], 'symbols': [], 'user_mentions': [], 'urls': []}",,en
1324352321413894144,2020-11-05 14:06:13,My child‚Äôs father is annoying me already,b'My child\xe2\x80\x99s father is annoying me already',"{'hashtags': [], 'symbols': [], 'user_mentions': [], 'urls': []}",,en
1324352093608648705,2020-11-05 14:05:19,Today just isn‚Äôt my day already,b'Today just isn\xe2\x80\x99t my day already',"{'hashtags': [], 'symbols': [], 'user_mentions': [], 'urls': []}",,en
1324166075379032070,2020-11-05 01:46:08,RT @asjaaaaa_: i just be minding my business ü•¥ idk why bitches be worried about me,b'RT @asjaaaaa_: i just be minding my business \xf0\x9f\xa5\xb4 idk why bitches be worried about me',"{'hashtags': [], 'symbols': [], 'user_mentions': [{'screen_name': 'asjaaaaa_', 'name': 'Aa.', 'id': 2740832331, 'id_str': '2740832331', 'indices': [3, 13]}], 'urls': []}",,en
1324040386625634304,2020-11-04 17:26:42,We are in a Spanish mood today.,b'We are in a Spanish mood today.',"{'hashtags': [], 'symbols': [], 'user_mentions': [], 'urls': []}",,en
1324036721491779588,2020-11-04 17:12:08,My son is really trying me today,b'My son is really trying me today',"{'hashtags': [], 'symbols': [], 'user_mentions': [], 'urls': []}",,en
1323987812878815236,2020-11-04 13:57:47,It was time for a fresh start. I had my old Twitter since i was in the 9th grade i think.,b'It was time for a fresh start. I had my old Twitter since i was in the 9th grade i think.',"{'hashtags': [], 'symbols': [], 'user_mentions': [], 'urls': []}",,en
1323839095190282240,2020-11-04 04:06:50,"RT @CNN: CNN PROJECTION: Democratic Rep. Alexandria Ocasio-Cortez, a member of the Squad, wins reelection in New York https://t.co/vvuiePBl‚Ä¶","b'RT @CNN: CNN PROJECTION: Democratic Rep. Alexandria Ocasio-Cortez, a member of the Squad, wins reelection in New York https://t.co/vvuiePBl\xe2\x80\xa6'","{'hashtags': [], 'symbols': [], 'user_mentions': [{'screen_name': 'CNN', 'name': 'CNN', 'id': 759251, 'id_str': '759251', 'indices': [3, 7]}], 'urls': []}",,en
1323830643986468865,2020-11-04 03:33:15,New Twitter After 10+ Years,b'New Twitter After 10+ Years',"{'hashtags': [], 'symbols': [], 'user_mentions': [], 'urls': []}",,en
1323817122804518912,2020-11-04 02:39:32,üßø,b'\xf0\x9f\xa7\xbf',"{'hashtags': [], 'symbols': [], 'user_mentions': [], 'urls': []}",,und
